Text_Type,Book,Chapter,Window,LLG,GLG,LGL,G,GGG,LG,LGG,L,LL,GG,GL,GLL,GGL,LLL
SN,AS,shareera,1,23,48,33,7,42,2,38,3,1,2,2,22,29,22
SN,AS,shareera,2,26,50,33,7,43,2,38,3,1,3,2,24,29,25
SN,AS,shareera,3,26,50,35,8,44,1,40,3,1,3,2,24,28,26
SN,AS,shareera,4,22,45,32,7,43,1,40,3,1,3,2,20,31,20
SN,AS,shareera,5,21,48,32,7,41,2,41,2,1,3,2,22,32,21
SN,AS,shareera,6,21,48,33,7,40,2,41,2,1,3,2,23,33,20
SN,AS,shareera,7,19,45,31,7,37,2,37,2,1,4,2,23,34,19
SN,AS,shareera,8,20,44,32,7,37,2,35,1,1,4,2,23,35,19
SN,AS,shareera,9,21,45,32,6,36,2,34,1,1,4,3,21,36,20
SN,AS,shareera,10,21,41,32,6,34,2,35,1,1,4,3,23,38,18
SN,AS,shareera,11,23,41,30,6,36,2,35,1,1,4,4,23,38,19
SN,AS,shareera,12,23,42,28,5,34,2,37,1,1,4,4,23,38,19
SN,AS,shareera,13,20,43,28,5,32,2,36,2,0,4,4,22,33,18
SN,AS,shareera,14,20,43,25,4,31,2,34,2,0,4,4,21,32,18
SN,AS,shareera,15,20,43,21,4,30,2,32,2,0,5,4,21,31,18
SN,AS,shareera,16,20,41,21,5,30,2,33,2,0,5,3,19,29,18
SN,AS,shareera,17,20,39,21,4,29,2,33,2,0,6,3,17,29,18
SN,AS,shareera,18,19,35,20,4,27,2,30,1,0,6,3,17,28,18
SN,AS,shareera,19,18,35,20,4,27,2,31,2,0,6,2,20,28,18
SN,AS,shareera,20,17,35,21,5,26,2,30,2,0,6,2,18,28,16
SN,AS,shareera,21,15,36,18,5,24,2,32,3,0,6,2,17,26,14
SN,AS,shareera,22,16,38,18,4,23,2,32,4,0,6,2,18,26,14
SN,AS,shareera,23,16,40,16,5,24,1,30,4,0,6,2,18,23,14
SN,AS,shareera,24,16,41,15,5,22,2,29,4,0,5,2,18,22,12
SN,AS,shareera,25,16,41,15,5,21,2,28,4,0,5,2,18,20,13
SN,AS,shareera,26,16,43,16,5,23,2,29,4,0,4,2,19,19,12
SN,AS,shareera,27,13,41,16,5,21,2,28,4,0,3,2,18,20,9
SN,AS,shareera,28,12,40,15,5,20,2,27,4,0,3,2,19,20,9
SN,AS,shareera,29,13,33,12,6,18,2,22,4,0,3,2,20,14,8
SN,AS,shareera,30,11,33,11,6,21,1,22,4,0,3,2,18,13,7
SN,AS,shareera,31,11,34,9,6,21,1,22,4,0,3,2,17,11,7
SN,AS,shareera,32,11,34,9,7,22,1,23,4,0,2,2,17,11,7
SN,AS,shareera,33,10,34,10,7,22,1,24,5,0,2,2,18,10,7
SN,AS,shareera,34,9,33,11,8,24,1,24,5,0,2,1,17,11,7
SN,AS,shareera,35,9,33,10,8,23,2,23,5,0,2,1,14,9,8
SN,AS,shareera,36,7,33,10,8,21,2,22,5,0,3,0,14,12,7
SN,AS,shareera,37,7,32,11,9,20,2,20,5,0,3,0,13,12,9
SN,AS,shareera,38,7,32,11,9,20,2,20,4,0,3,0,15,13,10
SN,AS,shareera,39,7,34,11,10,20,2,21,4,0,3,0,15,13,11
SN,AS,shareera,40,6,33,11,10,22,2,21,4,0,2,0,16,13,11
SN,AS,shareera,41,6,35,13,9,23,2,21,4,0,2,0,17,14,12
SN,AS,shareera,42,6,37,12,9,24,3,20,4,0,1,0,17,14,13
SN,AS,shareera,43,7,40,12,9,27,3,21,4,0,1,0,17,15,14
SN,AS,shareera,44,6,40,12,10,29,3,20,3,0,1,0,14,15,14
SN,AS,shareera,45,7,40,11,9,31,3,21,3,0,1,0,14,15,16
SN,AS,shareera,46,7,38,11,9,31,3,19,2,0,2,0,13,17,16
SN,AS,shareera,47,6,34,11,10,32,3,19,1,0,2,0,13,18,16
SN,AS,shareera,48,5,34,10,9,31,3,19,1,0,2,0,14,17,16
SN,AS,shareera,49,5,33,10,10,31,2,19,1,0,2,0,14,18,17
SN,AS,shareera,50,5,34,11,10,33,2,23,1,0,3,0,15,18,16
SN,AS,shareera,51,5,31,10,10,31,2,21,1,0,3,0,14,19,18
SN,AS,shareera,52,5,29,10,10,31,3,21,1,0,3,0,14,19,18
SN,AS,shareera,53,5,31,9,10,32,3,21,1,0,3,0,13,19,18
SN,AS,shareera,54,5,31,11,9,33,4,21,1,0,3,0,13,20,19
SN,AS,shareera,55,6,30,12,9,29,4,19,1,0,4,0,13,21,19
SN,AS,shareera,56,6,31,12,8,31,4,18,1,0,4,0,12,21,20
SN,AS,shareera,57,10,34,15,8,31,4,19,1,0,4,0,14,21,20
SN,AS,shareera,58,10,35,13,8,30,4,19,0,0,5,0,14,22,19
SN,AS,shareera,59,10,33,12,7,28,5,17,0,0,5,0,14,22,19
SN,AS,shareera,60,12,34,12,7,29,4,17,0,0,5,0,14,22,17
SN,AS,shareera,61,14,35,14,7,31,5,18,0,0,4,0,15,21,17
SN,AS,shareera,62,14,34,14,6,31,5,19,0,0,4,0,15,21,15
SN,AS,shareera,63,14,33,15,7,33,5,19,0,0,4,0,14,21,13
SN,AS,shareera,64,14,30,16,6,31,5,19,0,0,4,0,14,23,13
SN,AS,shareera,65,14,31,16,6,28,5,19,0,0,5,0,14,23,13
SN,AS,shareera,66,14,30,15,6,27,5,19,0,0,6,0,13,22,13
SN,AS,shareera,67,15,28,15,6,27,4,19,0,0,6,0,14,23,12
SN,AS,shareera,68,14,24,16,7,24,4,18,0,0,6,0,14,23,11
SN,AS,shareera,69,14,23,17,7,24,4,18,0,0,6,0,15,24,11
SN,AS,shareera,70,13,23,18,8,24,4,17,0,0,6,0,16,23,9
SN,AS,shareera,71,13,23,20,8,27,4,16,1,0,5,0,16,21,9
SN,AS,shareera,72,14,23,21,8,26,4,17,1,0,5,0,15,21,9
SN,AS,shareera,73,14,23,22,9,26,4,17,1,0,5,0,14,22,9
SN,AS,shareera,74,15,25,24,8,26,4,17,1,0,5,1,16,24,9
SN,AS,shareera,75,17,24,25,8,26,4,13,1,0,4,1,18,25,9
SN,AS,shareera,76,16,25,25,8,27,4,13,1,0,4,1,19,24,8
SN,AS,shareera,77,19,30,25,8,29,3,17,1,0,4,1,19,23,9
SN,AS,shareera,78,20,29,26,7,28,3,16,1,0,4,1,20,24,10
SN,AS,shareera,79,19,28,24,7,27,2,17,1,0,4,1,20,25,10
SN,AS,shareera,80,18,27,23,7,27,2,19,1,0,3,1,20,24,10
SN,AS,shareera,81,18,26,23,7,28,3,20,1,0,3,1,20,25,9
SN,AS,shareera,82,14,23,19,6,28,3,20,1,0,3,1,19,24,9
SN,AS,shareera,83,14,22,20,6,29,3,21,2,0,2,1,19,25,11
SN,AS,shareera,84,14,22,21,6,29,2,21,2,0,3,1,20,25,10
SN,AS,shareera,85,12,24,21,6,30,2,22,2,0,3,1,20,24,11
SN,AS,shareera,86,11,23,20,6,29,1,21,2,0,3,1,19,23,11
SN,AS,shareera,87,14,24,20,7,30,1,22,2,0,3,1,19,22,11
SN,AS,shareera,88,15,27,19,7,29,1,23,2,0,3,1,18,28,11
SN,AS,shareera,89,15,27,19,7,30,1,22,2,0,4,1,19,27,10
SN,AS,shareera,90,15,27,20,7,30,1,22,2,0,4,1,18,29,10
SN,AS,shareera,91,15,27,19,7,30,2,22,2,0,3,1,18,30,9
SN,AS,shareera,92,14,28,20,7,30,2,22,2,0,3,1,17,29,9
SN,AS,shareera,93,15,30,20,7,32,2,23,2,0,3,1,17,27,10
SN,AS,shareera,94,17,31,19,6,30,2,25,2,0,3,2,17,26,11
SN,AS,shareera,95,20,32,21,5,38,2,30,2,0,3,2,18,29,12
SN,AS,shareera,96,21,35,21,5,36,2,33,1,0,4,2,19,31,12
SN,AS,shareera,97,20,37,20,4,36,2,31,1,0,4,3,19,30,12
SN,AS,shareera,98,20,38,21,3,36,2,32,1,0,4,4,21,30,12
SN,AS,shareera,99,18,36,20,4,38,2,31,1,0,4,3,19,28,11
SN,AS,shareera,100,16,36,20,4,36,2,32,1,0,4,3,17,28,12
SN,AS,shareera,101,18,36,21,4,36,2,33,1,0,4,3,17,28,12
SN,AS,shareera,102,15,32,21,4,35,2,29,1,0,5,3,17,28,12
SN,AS,shareera,103,14,33,23,4,38,2,30,1,0,6,3,17,30,10
SN,AS,shareera,104,14,33,25,4,38,2,28,1,0,6,3,15,28,9
SN,AS,shareera,105,14,32,25,5,38,2,28,1,0,6,3,15,28,9
SN,AS,shareera,106,14,31,25,6,37,1,30,1,0,6,3,15,27,9
SN,AS,shareera,107,14,31,25,6,35,1,30,1,0,6,3,14,29,9
SN,AS,shareera,108,14,30,25,6,36,1,28,0,0,6,3,13,28,8
SN,AS,shareera,109,15,31,24,6,36,2,29,0,0,5,3,14,27,8
SN,AS,shareera,110,16,30,24,7,35,2,28,0,0,5,3,14,28,8
SN,AS,shareera,111,15,29,23,8,37,2,28,0,0,5,3,14,27,8
SN,AS,shareera,112,12,28,24,7,36,2,26,0,0,6,3,14,28,8
SN,AS,shareera,113,11,27,24,6,37,2,28,1,0,6,3,14,22,8
SN,AS,shareera,114,11,28,23,6,36,2,28,1,0,6,3,14,21,8
SN,AS,shareera,115,11,27,22,6,36,2,28,1,0,6,3,16,20,8
SN,AS,shareera,116,11,26,22,7,35,1,27,1,0,6,3,18,19,8
SN,AS,shareera,117,11,26,21,7,34,1,27,1,0,6,3,18,19,8
SN,AS,shareera,118,12,27,19,6,34,2,30,1,0,6,3,17,22,8
SN,AS,shareera,119,10,26,19,6,34,2,28,1,0,7,2,16,23,8
SN,AS,shareera,120,7,24,16,6,25,2,24,1,0,7,2,14,20,7
SN,AS,shareera,121,6,22,14,6,24,2,23,1,0,6,2,13,19,7
SN,AS,shareera,122,6,23,14,6,24,2,23,1,0,6,1,13,19,7
SN,AS,shareera,123,7,21,14,7,24,2,24,1,0,6,0,12,19,7
SN,AS,shareera,124,9,22,16,6,25,2,27,2,0,6,0,13,19,7
SN,AS,shareera,125,11,22,15,6,28,2,29,2,0,6,1,13,21,7
SN,AS,shareera,126,9,26,15,6,29,2,29,2,0,6,1,13,21,6
SN,AS,shareera,127,9,27,15,7,28,2,31,2,0,5,1,12,22,5
SN,AS,shareera,128,11,26,13,7,25,3,31,2,0,4,1,11,21,5
SN,AS,shareera,129,11,26,12,8,26,3,32,2,0,4,1,11,22,5
SN,AS,shareera,130,11,28,12,7,27,3,30,3,0,4,1,12,24,5
SN,AS,shareera,131,12,29,12,6,27,3,30,3,0,4,2,12,27,5
SN,AS,shareera,132,13,31,14,6,28,3,29,4,0,4,2,13,26,6
SN,AS,shareera,133,13,31,13,6,27,3,31,4,0,4,2,13,25,5
SN,AS,shareera,134,13,31,13,6,33,2,30,4,0,4,2,11,25,5
SN,AS,shareera,135,14,30,14,5,32,3,34,4,0,4,2,12,25,5
SN,AS,shareera,136,14,30,14,5,30,3,34,4,0,4,2,12,26,5
SN,AS,shareera,137,14,32,13,6,30,3,33,4,0,3,2,13,25,5
SN,AS,shareera,138,15,31,13,7,28,3,32,3,0,3,2,13,25,5
SN,AS,shareera,139,15,31,13,7,29,3,32,3,0,2,2,12,26,5
SN,AS,shareera,140,15,33,13,7,29,3,33,3,0,1,2,10,25,5
SN,AS,shareera,141,17,35,13,6,32,3,33,4,0,1,2,12,25,6
SN,AS,shareera,142,17,34,13,6,33,3,33,4,0,1,2,12,26,6
SN,AS,shareera,143,15,31,14,6,31,2,29,4,0,1,3,12,23,5
SN,AS,shareera,144,15,32,16,6,31,2,30,5,0,0,3,13,22,4
SN,AS,shareera,145,15,33,18,7,30,2,30,5,0,0,3,13,23,4
SN,AS,shareera,146,15,34,19,8,31,2,29,5,0,0,3,13,22,4
SN,AS,shareera,147,15,32,20,9,32,2,30,5,0,0,3,13,23,4
SN,AS,shareera,148,15,32,19,9,33,2,28,5,0,0,3,12,22,4
SN,AS,shareera,149,14,30,17,10,33,2,25,4,0,0,3,11,21,4
SN,AS,shareera,150,12,31,16,10,32,2,22,4,0,0,2,10,20,3
SN,AS,shareera,151,13,26,16,11,31,2,22,4,0,0,2,9,21,3
SN,AS,shareera,152,13,26,17,11,31,2,20,4,0,0,2,10,20,3
SN,AS,shareera,153,11,24,17,12,33,1,20,4,0,0,2,10,19,3
SN,AS,shareera,154,11,27,17,12,33,1,19,4,0,0,2,10,18,3
SN,AS,shareera,155,11,26,18,13,32,1,19,3,0,0,2,10,18,3
SN,AS,shareera,156,10,25,19,14,31,1,16,3,0,0,1,10,15,3
SN,AS,shareera,157,9,23,17,14,34,1,16,2,0,0,1,9,14,2
SN,AS,shareera,158,10,25,17,14,33,2,14,2,0,0,1,9,15,2
SN,AS,shareera,159,12,31,21,14,31,2,17,3,0,0,1,14,18,6
SN,AS,shareera,160,10,31,23,15,33,1,13,3,0,0,1,14,17,5
SN,AS,shareera,161,12,34,23,14,33,1,14,3,0,0,1,15,18,5
SN,AS,shareera,162,12,33,24,13,36,1,14,3,0,0,1,15,19,5
SN,AS,shareera,163,12,32,24,12,35,1,14,4,0,0,1,15,18,5
SN,AS,shareera,164,15,31,26,12,38,1,16,5,0,0,1,16,18,5
SN,AS,shareera,165,15,32,27,12,40,1,15,5,0,0,1,17,20,5
SN,AS,shareera,166,13,33,31,12,41,1,18,5,0,0,1,14,25,5
SN,AS,shareera,167,13,33,31,12,41,1,21,5,0,0,1,15,26,5
SN,AS,shareera,168,13,34,31,13,41,1,21,5,0,0,0,16,27,5
SN,AS,shareera,169,15,34,32,13,41,1,20,4,0,1,0,15,27,7
SN,AS,shareera,170,15,33,31,12,42,1,19,4,0,1,0,15,26,7
SN,AS,shareera,171,15,31,30,11,42,1,19,5,0,1,0,16,27,7
SN,AS,shareera,172,17,30,30,10,42,2,18,5,0,1,0,16,26,7
SN,AS,shareera,173,19,30,29,9,41,2,18,5,0,1,1,16,27,7
SN,AS,shareera,174,19,31,32,8,40,3,18,5,0,1,1,18,28,7
SN,AS,shareera,175,19,30,32,9,38,3,19,5,0,1,1,19,28,7
SN,AS,shareera,176,18,32,32,8,38,3,21,5,0,1,1,19,27,7
SN,AS,shareera,177,18,31,32,7,37,3,22,6,0,1,1,18,27,7
SN,AS,shareera,178,18,33,31,6,35,3,21,6,0,1,2,18,27,7
SN,AS,shareera,179,19,32,31,6,37,3,24,6,0,1,2,20,28,8
SN,AS,shareera,180,19,32,32,5,37,3,24,6,0,1,2,19,26,8
SN,AS,shareera,181,19,32,31,4,36,4,24,6,0,1,2,19,27,8
SN,AS,shareera,182,19,32,32,5,32,4,23,6,0,1,2,19,27,9
SN,AS,shareera,183,18,30,33,6,33,3,28,6,0,1,2,20,28,10
SN,AS,shareera,184,16,24,31,6,30,3,25,5,0,1,2,15,25,6
SN,AS,shareera,185,16,24,28,5,28,3,25,5,0,1,2,14,25,6
SN,AS,shareera,186,15,23,30,6,32,3,29,5,0,1,2,15,23,6
SN,AS,shareera,187,15,23,30,6,30,4,30,5,0,1,2,14,22,6
SN,AS,shareera,188,14,23,31,6,31,4,29,5,0,1,2,15,22,6
SN,AS,shareera,189,12,24,30,6,28,4,28,5,0,1,2,15,22,6
SN,AS,shareera,190,14,24,29,6,26,4,30,5,1,1,2,15,22,6
SN,AS,shareera,191,14,22,25,6,24,4,27,4,1,1,2,14,18,5
SN,AS,shareera,192,14,22,25,6,25,5,25,4,1,1,2,14,16,6
SN,AS,shareera,193,14,23,24,6,26,5,25,4,1,1,2,14,18,6
SN,AS,shareera,194,12,25,22,6,28,5,26,4,1,0,2,14,18,5
SN,AS,shareera,195,13,26,23,7,30,5,27,4,1,0,2,16,18,6
SN,AS,shareera,196,13,29,25,7,29,5,26,3,1,1,2,15,18,6
SN,AS,shareera,197,12,30,24,7,31,4,27,3,1,1,2,15,18,7
SN,AS,shareera,198,10,30,28,7,30,4,27,3,1,1,2,16,17,7
SN,AS,shareera,199,10,29,25,7,30,3,30,4,1,1,2,15,16,7
SN,AS,shareera,200,10,30,25,7,30,3,29,4,1,1,2,14,16,7
SN,AS,shareera,201,13,34,24,7,29,3,29,4,1,1,2,14,17,7
SN,AS,shareera,202,14,35,23,7,29,3,29,3,1,2,2,14,19,8
SN,AS,shareera,203,14,34,24,7,31,3,29,4,1,2,1,15,18,8
SN,AS,shareera,204,13,33,24,6,28,3,26,4,1,3,1,13,17,7
SN,AS,shareera,205,13,32,26,6,28,3,28,4,1,4,1,14,18,8
SN,AS,shareera,206,14,34,26,6,32,2,29,4,1,4,1,16,17,8
SN,AS,shareera,207,14,36,25,5,33,2,30,4,1,4,1,18,19,7
SN,AS,shareera,208,14,36,24,4,32,2,26,4,1,4,1,17,18,6
SN,AS,shareera,209,13,36,22,4,31,3,26,4,1,4,1,19,17,6
SN,AS,shareera,210,13,37,23,4,32,3,29,4,1,5,1,19,18,7
SN,AS,shareera,211,12,36,21,3,27,4,25,4,1,5,1,17,19,7
SN,AS,shareera,212,13,35,20,3,29,4,24,4,1,5,1,17,20,8
SN,AS,shareera,213,13,36,20,3,28,4,23,4,1,5,1,17,20,8
SN,AS,shareera,214,13,38,21,3,30,4,23,3,1,5,1,17,21,8
SN,AS,shareera,215,11,36,21,3,31,4,21,3,0,5,1,16,20,8
SN,AS,shareera,216,11,39,21,3,29,4,21,3,0,5,1,16,22,8
SN,AS,shareera,217,12,39,21,3,27,3,22,4,0,5,1,15,22,7
SN,AS,shareera,218,12,37,21,3,28,3,23,4,0,5,1,14,21,8
SN,AS,shareera,219,14,34,20,3,29,3,25,4,0,5,1,15,23,7
SN,AS,shareera,220,15,34,18,2,27,3,25,5,0,5,1,13,25,7
SN,AS,shareera,221,15,31,17,2,28,3,25,5,0,4,1,13,24,7
SN,AS,shareera,222,15,35,19,2,26,3,26,5,0,4,1,13,26,6
SN,AS,shareera,223,14,34,15,3,26,3,30,5,0,4,0,14,26,6
SN,AS,shareera,224,15,38,14,3,25,3,30,4,0,4,0,14,26,6
SN,AS,shareera,225,16,39,15,3,27,3,34,4,0,4,0,15,26,7
SN,AS,shareera,226,13,33,15,3,27,4,31,4,0,4,0,15,26,7
SN,AS,shareera,227,12,31,16,4,27,4,30,4,0,3,0,15,24,7
SN,AS,shareera,228,18,40,19,4,30,4,38,3,0,3,0,16,30,9
SN,AS,shareera,229,18,41,19,5,34,4,38,3,0,2,0,16,32,10
SN,AS,shareera,230,18,43,16,5,38,4,38,3,0,1,0,16,32,10
SN,AS,shareera,231,18,41,17,5,35,4,37,3,0,1,0,15,32,10
SN,AS,shareera,232,19,41,17,5,35,4,37,3,0,1,0,13,30,10
SN,AS,shareera,233,19,41,19,5,37,4,36,3,0,1,0,13,29,10
SN,AS,shareera,234,20,42,21,5,37,3,36,3,1,1,0,12,30,10
SN,AS,shareera,235,21,42,27,5,40,3,37,3,2,0,0,13,30,10
SN,AS,shareera,236,21,41,27,5,40,2,36,3,3,0,0,13,32,10
SN,AS,shareera,237,20,44,27,5,38,1,39,4,3,0,0,14,32,10
SN,AS,shareera,238,21,47,26,5,40,1,39,3,4,0,0,13,32,10
SN,AS,shareera,239,20,44,25,5,39,1,38,3,4,0,0,13,33,10
SN,AS,shareera,240,21,44,28,5,43,1,41,3,4,0,0,13,33,10
SN,AS,shareera,241,21,40,28,5,44,1,42,4,4,0,0,13,30,11
SN,AS,shareera,242,21,40,28,5,46,1,40,3,4,0,0,13,31,11
SN,AS,shareera,243,22,40,31,4,46,1,40,3,5,0,0,13,29,11
SN,AS,shareera,244,20,43,31,4,43,1,37,3,5,0,0,12,27,11
SN,AS,shareera,245,19,42,31,5,42,1,42,2,5,0,0,15,25,10
SN,AS,shareera,246,20,43,30,6,43,1,44,2,5,0,0,15,26,10
SN,AS,shareera,247,19,38,29,6,44,1,42,2,6,0,0,17,25,10
SN,AS,shareera,248,20,40,31,5,44,1,39,2,6,0,0,15,28,11
SN,AS,shareera,249,18,37,31,5,45,2,38,2,6,0,0,14,29,11
SN,AS,shareera,250,20,38,34,4,46,2,40,2,7,0,0,14,30,11
SN,AS,shareera,251,21,38,35,4,49,1,42,2,7,0,0,14,32,12
SN,AS,shareera,252,21,39,34,4,49,1,43,2,7,0,0,15,33,11
SN,AS,shareera,253,16,29,30,4,46,1,35,2,7,0,0,13,27,9
SN,AS,shareera,254,17,28,31,3,45,1,37,2,7,1,0,13,29,8
SN,AS,shareera,255,17,26,30,3,42,1,37,2,7,1,0,13,29,8
SN,AS,shareera,256,17,27,29,3,42,1,37,2,7,1,0,12,29,8
SN,AS,shareera,257,19,29,32,4,46,1,38,2,7,1,0,16,32,9
SN,AS,shareera,258,19,30,31,4,45,1,40,2,8,1,0,18,34,9
SN,AS,shareera,259,20,30,31,4,47,1,40,2,7,1,0,18,34,11
SN,AS,shareera,260,19,29,25,4,43,1,36,2,6,2,0,17,33,10
SN,AS,shareera,261,23,34,30,4,47,1,40,2,5,2,0,18,33,12
SN,AS,shareera,262,25,32,29,4,46,1,41,1,5,2,0,17,33,13
SN,AS,shareera,263,24,28,29,4,45,1,41,1,4,2,1,19,34,13
SN,AS,shareera,264,24,28,28,4,43,1,42,1,4,3,1,18,32,13
SN,AS,shareera,265,23,27,25,4,38,1,39,1,4,3,1,18,31,14
SN,AS,shareera,266,23,28,26,4,39,1,39,0,4,3,1,18,31,13
SN,AS,shareera,267,23,29,28,5,37,1,39,0,4,3,1,18,31,13
SN,AS,shareera,268,22,29,25,5,35,1,39,0,3,4,1,18,32,12
SN,AS,shareera,269,22,26,25,5,35,1,40,0,3,5,1,18,33,12
SN,AS,shareera,270,21,26,25,4,35,1,35,1,3,5,1,16,34,12
SN,AS,shareera,271,20,26,26,3,34,1,33,2,3,5,1,18,33,12
SN,AS,shareera,272,21,29,28,3,37,1,36,2,2,5,1,18,35,12
SN,AS,shareera,273,20,27,26,4,38,1,35,2,2,5,1,19,33,11
SN,AS,shareera,274,24,32,30,4,37,1,40,2,2,5,1,21,34,13
SN,AS,shareera,275,21,32,28,5,34,1,34,2,1,5,1,20,33,13
SN,AS,shareera,276,21,34,30,5,32,1,34,2,1,5,1,21,33,13
SN,AS,shareera,277,22,34,30,4,32,1,33,2,1,6,1,20,33,13
SN,AS,shareera,278,23,36,30,4,32,1,35,3,1,6,1,20,35,13
SN,AS,shareera,279,22,35,29,4,30,1,34,3,2,5,1,21,31,14
SN,AS,shareera,280,22,36,29,4,30,1,32,3,2,5,1,20,30,14
SN,AS,shareera,281,21,35,30,4,32,1,32,3,2,5,1,20,30,15
SN,AS,shareera,282,18,32,27,3,27,1,32,3,2,5,1,16,28,15
SN,AS,shareera,283,19,32,27,3,27,1,31,3,1,6,1,14,26,15
SN,AS,shareera,284,18,30,25,4,25,1,32,3,1,6,1,14,26,14
SN,AS,shareera,285,18,29,25,4,25,1,32,3,1,6,1,15,27,14
SN,AS,shareera,286,14,25,20,4,22,1,29,3,1,7,1,14,24,13
SN,AS,shareera,287,12,25,21,4,23,1,26,3,1,8,1,14,23,12
SN,AS,shareera,288,13,25,21,4,23,1,29,3,1,8,0,12,22,12
SN,AS,shareera,289,13,26,22,5,25,1,28,3,1,7,0,13,21,14
SN,AS,shareera,290,13,27,22,5,27,1,29,3,1,7,0,13,21,14
SN,AS,shareera,291,13,27,21,6,26,1,28,3,1,7,0,14,22,15
SN,AS,shareera,292,12,29,20,6,26,1,28,3,1,7,0,14,22,15
SN,AS,shareera,293,14,29,20,6,27,1,27,3,1,7,0,14,21,17
SN,AS,shareera,294,14,30,20,6,27,1,27,3,1,6,0,14,21,19
SN,AS,shareera,295,16,30,21,6,28,1,26,2,1,7,0,13,20,20
SN,AS,shareera,296,16,29,21,6,28,1,27,1,1,8,0,11,21,21
SN,AS,shareera,297,15,27,19,6,26,1,28,2,1,8,0,9,19,23
SN,AS,shareera,298,17,27,19,5,26,1,29,2,1,8,0,8,19,23
SN,AS,shareera,299,13,22,15,6,26,0,23,2,1,8,0,7,19,21
SN,AS,shareera,300,13,19,13,5,26,0,25,2,1,8,0,7,17,20
SN,AS,shareera,301,13,18,10,5,26,1,25,2,1,8,0,7,14,21
SN,AS,shareera,302,13,18,10,5,26,1,26,2,1,7,0,7,14,21
SN,AS,shareera,303,11,16,11,6,24,1,25,1,1,7,0,7,12,21
SN,AS,shareera,304,11,17,11,6,24,1,24,1,0,8,0,8,13,20
SN,AS,shareera,305,14,20,13,6,24,1,27,1,0,8,0,9,13,21
SN,AS,shareera,306,14,20,13,6,21,1,27,1,0,8,1,9,13,20
SN,AS,shareera,307,15,20,14,7,21,1,26,1,0,8,1,9,13,19
SN,AS,shareera,308,14,20,14,8,21,1,25,1,0,7,1,9,15,19
SN,AS,shareera,309,14,21,16,8,21,1,24,1,0,7,1,8,14,18
SN,AS,shareera,310,14,21,17,9,21,1,24,1,0,6,1,7,16,18
SN,AS,shareera,311,14,21,19,10,21,1,23,1,0,5,1,8,16,17
SN,AS,shareera,312,15,20,19,10,22,1,22,2,0,4,1,9,16,16
SN,AS,shareera,313,14,20,19,11,22,1,19,2,0,4,1,9,16,17
SN,AS,shareera,314,15,19,18,10,21,1,21,2,0,5,1,8,17,15
SN,AS,shareera,315,16,20,18,10,19,2,20,2,0,5,1,8,18,14
SN,AS,shareera,316,17,21,19,9,21,2,21,2,0,5,1,7,17,14
SN,AS,shareera,317,19,22,18,8,23,2,24,2,0,5,1,8,18,15
SN,AS,shareera,318,17,25,18,9,23,2,24,2,0,4,1,8,20,13
SN,AS,shareera,319,17,25,18,9,23,2,24,2,0,4,2,8,20,11
SN,AS,shareera,320,17,26,17,9,22,2,26,2,0,3,2,8,22,11
SN,AS,shareera,321,19,27,16,9,21,3,26,2,0,2,2,8,21,10
SN,AS,shareera,322,19,26,16,9,18,3,23,1,0,3,2,8,21,8
SN,AS,shareera,323,18,26,17,9,17,3,24,1,0,3,2,8,20,8
SN,AS,shareera,324,18,27,17,9,16,3,23,1,0,3,2,7,18,8
SN,AS,shareera,325,18,27,18,9,16,3,22,1,0,3,2,8,19,8
SN,AS,shareera,326,17,27,18,9,15,2,20,2,0,3,2,7,19,6
SN,AS,shareera,327,17,27,18,9,18,2,20,2,0,3,2,7,20,6
SN,AS,shareera,328,17,27,17,8,18,2,20,2,0,4,2,8,20,6
SN,AS,shareera,329,17,27,17,8,20,3,21,2,0,3,2,7,20,7
SN,AS,shareera,330,16,27,15,8,20,3,18,2,0,3,2,6,21,7
SN,AS,shareera,331,16,27,16,9,22,3,18,2,0,3,1,7,21,7
SN,AS,shareera,332,15,27,16,8,23,3,17,2,0,3,1,8,20,8
SN,AS,shareera,333,17,26,15,7,23,3,19,2,0,3,1,8,18,8
SN,AS,shareera,334,16,26,13,7,23,3,20,2,0,3,1,8,18,9
SN,AS,shareera,335,17,26,11,7,23,3,21,2,0,3,1,8,15,13
SN,AS,shareera,336,19,26,10,6,23,3,21,2,0,4,1,8,15,13
SN,AS,shareera,337,19,28,9,6,22,4,21,1,0,4,1,7,15,14
SN,AS,shareera,338,19,28,9,6,21,4,21,1,0,4,1,7,17,13
SN,AS,shareera,339,19,29,9,6,21,5,19,1,0,3,1,7,19,13
SN,AS,shareera,340,19,29,9,6,22,4,19,2,0,3,1,7,21,14
SN,AS,shareera,341,18,29,8,6,20,5,18,2,0,3,1,8,21,13
SN,AS,shareera,342,16,26,8,7,19,5,16,2,0,3,1,8,20,12
SN,AS,shareera,343,19,25,11,6,20,5,17,2,0,3,1,10,18,12
SN,AS,shareera,344,21,24,14,6,21,6,16,2,0,3,0,11,17,15
SN,AS,shareera,345,21,25,17,6,22,6,15,2,0,3,0,13,16,14
SN,AS,shareera,346,20,26,18,7,22,5,15,2,0,3,0,13,16,15
SN,AS,shareera,347,20,28,17,8,23,5,14,2,0,2,0,14,16,15
SN,AS,shareera,348,19,28,17,8,23,5,13,2,0,2,0,16,17,17
SN,AS,shareera,349,20,27,17,7,27,6,14,2,0,2,0,16,18,20
SN,AS,shareera,350,22,28,16,7,28,6,13,3,0,2,0,18,20,21
SN,AS,shareera,351,23,29,16,7,29,6,14,3,0,2,0,19,25,23
SN,AS,shareera,352,22,28,16,8,27,6,14,3,0,2,0,19,24,23
SN,AS,shareera,353,22,28,17,9,28,6,13,3,0,1,0,19,27,24
SN,AS,shareera,354,22,29,16,10,27,5,13,3,0,1,0,19,27,24
SN,AS,shareera,355,20,28,21,11,30,5,16,3,0,1,0,19,28,23
SN,AS,shareera,356,23,29,20,11,33,5,19,3,0,1,0,21,33,25
SN,AS,shareera,357,28,33,22,11,37,5,22,4,0,1,0,26,37,26
SN,AS,shareera,358,27,33,22,11,36,5,22,4,0,1,0,27,39,26
SN,AS,shareera,359,28,37,29,10,38,5,24,4,0,1,0,29,44,27
SN,AS,shareera,360,29,38,29,9,40,5,23,4,0,1,1,29,45,23
SN,AS,shareera,361,29,37,30,9,41,6,27,4,0,0,1,29,47,24
SN,AS,shareera,362,29,40,33,10,44,5,33,4,0,0,1,32,50,28
SN,AS,shareera,363,30,41,35,9,46,6,35,4,0,0,1,33,49,28
SN,AS,shareera,364,29,42,38,9,45,5,36,4,0,0,1,35,46,28
SN,AS,shareera,365,29,42,38,9,47,5,37,3,0,1,1,35,43,28
SN,AS,shareera,366,29,41,38,9,46,4,37,3,0,2,1,36,43,28
SN,AS,shareera,367,29,41,38,8,45,5,36,3,0,2,1,35,42,28
SN,AS,shareera,368,26,39,36,8,43,5,35,4,0,2,1,34,42,30
SN,AS,shareera,369,24,40,33,8,42,4,35,4,0,2,2,34,42,27
SN,AS,shareera,370,23,38,30,9,42,4,34,4,0,2,2,32,41,27
SN,AS,shareera,371,23,40,30,9,42,4,34,4,0,2,2,34,43,26
SN,AS,shareera,372,25,39,30,9,41,4,35,4,0,2,2,33,45,26
SN,AS,shareera,373,25,39,29,9,41,4,34,4,0,3,2,32,44,24
SN,AS,shareera,374,24,41,29,9,37,3,34,4,0,3,2,33,44,22
SN,AS,shareera,375,24,42,31,9,41,3,34,3,1,3,2,32,44,21
SN,AS,shareera,376,25,41,32,10,44,3,35,2,1,3,2,31,42,22
SN,AS,shareera,377,25,42,33,9,43,4,34,2,1,3,2,31,42,22
SN,AS,shareera,378,26,44,35,8,42,4,35,2,1,3,3,30,42,21
SN,AS,shareera,379,27,43,35,7,41,5,34,2,1,3,3,29,42,20
SN,AS,shareera,380,27,41,32,7,39,5,31,2,1,3,3,29,40,19
SN,AS,shareera,381,24,42,32,6,35,5,29,3,1,3,3,26,35,17
SN,AS,shareera,382,20,37,30,7,31,5,27,2,1,3,3,21,31,15
SN,AS,shareera,383,19,39,31,7,32,5,26,2,1,3,3,20,29,16
SN,AS,shareera,384,18,35,26,7,29,5,24,2,1,3,3,19,25,14
SN,AS,shareera,385,16,34,28,8,27,5,25,2,1,3,2,20,25,14
SN,AS,shareera,386,14,36,28,9,25,4,22,2,1,3,2,19,23,16
SN,AS,shareera,387,13,33,27,8,21,4,17,2,1,3,2,16,20,15
SN,AS,shareera,388,12,35,26,8,20,3,16,2,1,3,2,15,20,15
SN,AS,shareera,389,12,36,26,8,23,3,17,2,1,3,2,14,21,17
SN,AS,shareera,390,12,37,27,8,20,3,17,3,1,2,2,16,23,17
SN,AS,shareera,391,12,38,28,8,20,3,17,3,1,2,2,14,23,17
SN,AS,shareera,392,16,39,28,8,21,2,17,3,2,2,2,14,24,17
SN,AS,shareera,393,16,39,28,8,25,2,20,2,3,2,2,13,25,15
SN,AS,shareera,394,16,38,28,8,28,2,21,2,3,2,1,12,25,15
SN,AS,shareera,395,15,41,28,7,27,2,21,2,3,2,1,12,28,15
SN,AS,shareera,396,14,38,27,6,27,2,20,2,3,2,1,10,27,15
SN,AS,shareera,397,14,38,28,5,30,2,21,2,3,2,1,10,24,15
SN,AS,shareera,398,16,39,32,5,31,2,22,2,3,1,1,12,27,17
SN,AS,shareera,399,16,37,32,5,33,2,21,2,3,1,1,11,26,16
SN,AS,shareera,400,15,36,31,5,28,2,23,2,2,1,1,9,23,16
SN,AS,shareera,401,13,37,32,4,26,3,21,2,2,1,1,9,20,13
SN,AS,shareera,402,14,38,32,5,26,2,22,2,2,1,1,9,20,13
SN,AS,shareera,403,13,37,29,6,26,2,22,2,2,1,0,9,17,13
SN,AS,shareera,404,12,39,29,7,25,1,27,2,2,1,0,9,18,14
SN,AS,shareera,405,12,39,28,7,26,1,28,2,2,1,0,9,19,14
SN,AS,shareera,406,14,38,27,7,25,1,27,1,2,1,0,9,19,14
SN,AS,shareera,407,13,38,27,7,24,1,26,1,2,1,0,8,20,14
SN,AS,shareera,408,13,39,26,7,23,1,26,1,2,2,0,9,20,13
SN,AS,shareera,409,14,38,24,7,25,2,26,1,2,2,0,8,19,13
SN,AS,shareera,410,15,43,24,6,26,3,27,1,2,2,0,8,23,14
SN,AS,shareera,411,15,43,23,5,28,3,26,1,2,2,0,8,24,12
SN,AS,shareera,412,17,41,24,5,31,4,32,1,2,2,0,11,25,8
SN,AS,shareera,413,18,38,23,5,32,4,31,1,2,2,0,11,24,8
SN,AS,shareera,414,19,35,20,5,31,4,29,1,2,2,0,10,25,6
SN,AS,shareera,415,19,34,19,5,32,4,28,0,2,2,1,10,23,5
SN,AS,shareera,416,19,33,18,5,33,4,29,1,2,1,1,10,23,5
SN,AS,shareera,417,16,32,18,5,32,5,30,1,1,1,1,11,24,6
SN,AS,shareera,418,16,33,17,5,28,5,28,1,0,1,1,13,24,6
SN,AS,shareera,419,20,37,18,6,26,5,28,1,0,1,1,15,25,7
SN,AS,shareera,420,20,35,20,6,28,5,29,2,0,1,1,16,23,7
SN,AS,shareera,421,21,37,20,6,29,6,29,2,0,1,1,16,24,7
SN,AS,shareera,422,19,37,19,6,27,6,28,3,0,1,1,18,24,7
SN,AS,shareera,423,18,38,15,6,27,6,29,3,0,1,1,16,21,5
SN,AS,shareera,424,19,41,15,6,25,6,31,3,0,1,1,17,23,6
SN,AS,shareera,425,18,41,14,6,26,7,32,3,0,1,1,18,23,7
SN,AS,shareera,426,19,41,13,6,24,6,32,3,0,1,1,18,26,7
SN,AS,shareera,427,18,41,14,5,26,6,37,3,0,1,1,18,26,7
SN,AS,shareera,428,19,41,14,5,26,6,38,3,0,1,1,18,27,7
SN,AS,shareera,429,20,39,14,5,26,6,35,3,0,1,1,19,25,6
SN,AS,shareera,430,20,39,13,4,24,6,35,3,0,1,2,19,24,7
SN,AS,shareera,431,19,39,13,4,24,6,35,3,0,1,2,19,25,7
SN,AS,shareera,432,19,41,13,4,24,6,35,3,0,1,2,21,25,7
SN,AS,shareera,433,20,39,14,4,26,6,34,3,0,0,2,20,25,7
SN,AS,shareera,434,20,40,16,4,25,5,34,3,0,0,2,20,26,8
SN,AS,shareera,435,19,35,14,4,26,4,32,3,0,1,2,19,22,7
SN,AS,shareera,436,19,34,14,4,25,4,35,3,0,1,2,20,23,6
SN,AS,shareera,437,18,39,12,4,22,3,30,4,0,1,2,20,27,6
SN,AS,shareera,438,19,41,13,4,21,3,31,4,0,1,2,21,29,6
SN,AS,shareera,439,18,42,13,4,20,3,31,5,0,1,2,21,27,7
SN,AS,shareera,440,18,40,14,4,21,3,31,5,0,1,1,19,27,7
SN,AS,shareera,441,19,44,18,4,21,4,31,4,0,1,1,20,31,7
SN,AS,shareera,442,18,44,19,4,24,3,31,4,0,1,1,19,30,6
SN,AS,shareera,443,18,45,20,4,24,3,32,4,0,1,2,18,29,6
SN,AS,shareera,444,16,42,21,3,23,3,31,4,0,2,2,17,28,6
SN,AS,shareera,445,16,42,19,3,25,4,34,3,0,2,2,16,31,6
SN,AS,shareera,446,15,42,19,3,25,3,35,3,0,2,2,17,30,7
SN,AS,shareera,447,15,43,19,3,25,3,37,3,0,2,2,19,32,7
SN,AS,shareera,448,15,42,19,3,24,3,37,3,0,2,3,20,35,7
SN,AS,shareera,449,14,38,19,3,25,4,35,3,0,2,3,19,34,7
SN,AS,shareera,450,15,38,22,4,26,3,35,3,0,2,3,18,36,8
SN,AS,shareera,451,16,39,26,4,26,3,36,3,1,2,3,20,35,9
SN,AS,shareera,452,18,37,25,4,26,3,32,3,1,2,3,20,34,9
SN,AS,shareera,453,17,37,25,3,27,4,31,3,1,2,3,20,34,10
SN,AS,shareera,454,19,39,28,2,29,4,31,3,1,3,3,20,34,11
SN,AS,shareera,455,19,40,29,3,30,4,30,3,1,3,2,20,34,10
SN,AS,shareera,456,18,40,30,4,32,4,31,3,1,3,2,20,33,10
SN,AS,shareera,457,18,38,29,4,33,4,31,3,1,3,2,18,32,11
SN,AS,shareera,458,17,37,28,4,33,4,33,3,1,3,2,18,32,11
SN,AS,shareera,459,17,38,26,4,32,5,32,3,1,3,2,18,32,10
SN,AS,shareera,460,17,39,26,4,32,5,32,3,1,2,2,19,32,10
SN,AS,shareera,461,18,40,26,5,32,5,32,3,1,2,2,18,30,10
SN,AS,shareera,462,18,36,26,5,32,5,32,2,1,2,2,18,26,14
SN,AS,shareera,463,16,35,25,5,31,5,31,2,1,2,2,17,24,14
SN,AS,shareera,464,16,36,26,5,31,5,32,1,1,2,2,17,25,13
SN,AS,shareera,465,17,38,26,6,29,5,32,1,1,2,2,17,27,14
SN,AS,shareera,466,18,33,24,7,28,4,33,1,1,2,2,16,25,14
SN,AS,shareera,467,19,32,26,8,25,4,34,1,1,2,2,16,24,14
SN,AS,shareera,468,19,31,25,8,25,5,32,1,1,2,1,15,27,14
SN,AS,shareera,469,17,31,24,8,25,5,34,1,1,1,1,14,28,14
SN,AS,shareera,470,17,33,24,8,21,5,30,1,1,1,1,14,24,14
SN,AS,shareera,471,18,30,24,8,20,6,31,1,1,1,1,14,24,14
SN,AS,shareera,472,19,29,24,8,20,6,28,0,1,1,1,13,22,14
SN,AS,shareera,473,18,29,24,8,21,6,26,0,1,2,0,11,20,14
SN,AS,shareera,474,19,29,25,9,21,5,26,0,1,2,0,11,20,14
SN,AS,shareera,475,19,28,22,8,21,5,23,0,1,2,0,12,18,12
SN,AS,shareera,476,18,27,18,9,23,5,23,0,0,2,0,12,19,12
SN,AS,shareera,477,18,31,22,10,24,5,21,0,0,2,0,14,20,13
SN,AS,shareera,478,19,31,22,10,24,4,20,0,0,2,0,14,19,12
SN,AS,shareera,479,16,31,23,10,23,5,21,0,0,1,0,14,19,12
SN,AS,shareera,480,17,30,23,9,21,6,21,0,0,1,0,14,19,12
SN,AS,shareera,481,17,31,23,8,19,6,22,1,0,1,0,14,19,12
SN,AS,shareera,482,17,31,24,8,18,6,22,1,0,1,0,14,21,11
SN,AS,shareera,483,18,33,25,9,16,6,20,1,0,1,0,15,23,12
SN,AS,shareera,484,18,32,26,10,17,5,20,1,0,1,0,15,23,12
SN,AS,shareera,485,19,31,26,10,15,6,21,1,0,1,0,14,22,12
SN,AS,shareera,486,19,30,25,10,15,6,19,1,0,1,0,14,22,12
SN,AS,shareera,487,19,29,25,10,16,6,17,1,0,2,0,11,21,8
SN,AS,shareera,488,19,28,25,10,17,6,18,1,0,2,0,11,23,9
SN,AS,shareera,489,19,28,24,10,16,6,18,1,0,2,1,11,22,9
SN,AS,shareera,490,17,27,23,9,16,6,18,1,0,2,1,11,20,8
SN,AS,shareera,491,16,30,22,8,17,6,18,1,0,2,1,13,20,9
SN,AS,shareera,492,16,30,21,7,17,6,16,1,0,3,1,14,22,9
SN,AS,shareera,493,16,30,21,7,17,5,17,1,0,3,1,14,21,9
SN,AS,shareera,494,17,30,20,8,18,5,16,1,0,3,1,15,22,8
SN,AS,shareera,495,18,29,21,8,18,4,17,2,0,3,1,15,22,8
SN,AS,shareera,496,18,33,22,8,22,3,16,2,0,3,2,17,22,8
SN,AS,shareera,497,18,34,23,8,23,3,17,2,0,4,2,14,23,8
SN,AS,shareera,498,18,34,23,8,22,3,18,2,0,3,2,15,23,11
SN,AS,shareera,499,17,35,23,7,22,4,18,2,0,3,2,16,22,10
SN,AS,shareera,500,17,38,28,7,21,4,18,3,0,3,2,15,24,11
SN,AS,shareera,501,16,37,29,7,23,4,18,3,0,3,2,15,22,10
SN,AS,shareera,502,16,34,25,6,23,5,19,3,0,3,2,13,24,10
SN,AS,shareera,503,20,34,27,6,27,5,21,3,0,3,2,13,24,11
SN,AS,shareera,504,22,33,25,6,29,4,18,3,1,3,2,13,28,10
SN,AS,shareera,505,22,33,24,6,29,4,18,3,1,3,2,13,28,10
SN,AS,shareera,506,22,31,23,6,30,5,16,2,1,3,2,14,28,11
SN,AS,shareera,507,23,32,23,6,32,5,18,2,1,3,2,17,29,11
SN,AS,shareera,508,23,30,22,5,32,6,18,2,1,3,2,16,29,10
SN,AS,shareera,509,22,30,21,4,31,6,18,2,1,3,3,16,29,11
SN,AS,shareera,510,22,33,22,4,33,5,19,2,1,3,3,16,30,11
SN,AS,shareera,511,22,32,24,3,32,5,19,2,1,3,4,17,30,11
SN,AS,shareera,512,25,37,31,3,39,5,28,2,1,2,4,21,37,17
SN,AS,shareera,513,25,38,34,3,43,5,30,2,1,2,4,23,38,19
SN,AS,shareera,514,26,39,35,3,47,5,30,3,1,2,3,24,38,19
SN,AS,shareera,515,27,40,36,4,48,5,31,3,1,2,3,25,38,20
SN,AS,shareera,516,26,38,38,4,48,6,30,3,1,2,3,23,36,19
SN,AS,shareera,517,25,39,36,4,49,6,31,3,1,1,3,23,34,20
SN,AS,shareera,518,25,41,38,4,49,6,31,3,1,1,3,24,33,20
SN,AS,shareera,519,26,44,39,3,51,6,30,3,1,1,3,23,33,21
SN,AS,shareera,520,26,43,41,4,51,6,29,2,1,1,3,23,34,21
SN,AS,shareera,521,25,39,40,4,47,6,30,3,1,1,2,20,33,20
SN,AS,shareera,522,24,39,39,4,46,7,29,3,1,0,2,20,33,21
SN,AS,shareera,523,28,40,46,4,49,7,32,4,1,0,2,19,35,19
SN,AS,shareera,524,28,42,46,4,48,6,35,4,1,0,2,18,35,19
SN,AS,shareera,525,27,41,42,4,48,7,37,3,1,0,2,18,33,20
SN,AS,shareera,526,27,40,40,3,45,7,37,4,1,0,2,17,33,20
SN,AS,shareera,527,26,40,39,4,42,6,37,4,1,0,2,17,30,19
SN,AS,shareera,528,21,39,38,4,38,7,35,4,1,0,2,17,31,18
SN,AS,shareera,529,19,37,36,4,35,7,36,4,1,0,2,16,27,19
SN,AS,shareera,530,18,38,37,5,36,6,38,4,1,0,2,16,30,20
SN,AS,shareera,531,20,39,39,6,36,5,39,4,1,0,2,16,32,19
SN,AS,shareera,532,19,39,38,5,37,5,40,4,1,0,2,14,29,19
SN,AS,shareera,533,19,39,39,6,37,4,40,4,1,0,2,16,28,19
SN,AS,shareera,534,19,39,41,7,38,4,42,4,1,0,1,17,27,18
SN,AS,shareera,535,18,38,40,7,39,4,42,4,1,1,1,18,27,18
SN,AS,shareera,536,19,40,42,7,42,5,43,4,1,1,0,17,31,18
SN,AS,shareera,537,16,35,36,7,35,6,35,4,1,1,0,13,25,12
SN,AS,shareera,538,16,36,33,7,31,6,32,4,1,2,0,11,22,9
SN,AS,shareera,539,16,35,32,8,28,6,31,3,1,2,0,10,24,10
SN,AS,shareera,540,15,34,32,7,28,6,30,3,1,2,0,9,24,9
SN,AS,shareera,541,15,33,29,7,28,5,29,3,1,2,0,9,25,9
SN,AS,shareera,542,16,34,29,7,28,6,29,3,1,2,0,9,27,8
SN,AS,shareera,543,16,32,28,8,29,6,29,3,1,2,0,8,27,9
SN,AS,shareera,544,18,29,32,8,31,7,34,3,1,2,0,12,28,10
SN,AS,shareera,545,17,29,29,7,33,8,37,3,1,2,0,12,27,11
SN,AS,shareera,546,17,31,30,7,33,8,36,2,1,2,0,15,28,11
SN,AS,shareera,547,19,33,33,7,34,7,44,2,1,2,0,18,35,12
SN,AS,shareera,548,16,31,28,7,34,7,45,1,1,2,0,19,36,12
SN,AS,shareera,549,16,28,27,7,34,7,42,1,1,3,0,20,36,12
SN,AS,shareera,550,16,26,27,7,33,6,43,1,1,3,0,22,38,10
SN,AS,shareera,551,19,31,31,7,37,6,49,0,1,4,0,26,39,13
SN,AS,shareera,552,20,33,34,6,38,6,49,0,1,4,0,27,42,14
SN,AS,shareera,553,22,34,35,6,37,5,50,1,1,4,0,27,41,14
SN,AS,shareera,554,22,34,36,6,37,5,50,2,0,4,0,27,42,13
SN,AS,shareera,555,22,32,35,5,37,5,48,2,0,4,1,27,39,12
SN,AS,shareera,556,20,31,33,4,37,5,47,2,0,5,1,26,37,13
SN,AS,shareera,557,20,31,33,5,35,5,45,2,0,5,1,25,37,13
SN,AS,shareera,558,20,36,33,5,38,5,46,2,0,5,1,24,38,14
SN,AS,shareera,559,20,36,33,5,37,5,44,2,0,5,1,23,39,14
SN,AS,shareera,560,21,34,33,5,35,5,42,2,0,5,1,23,39,14
SN,AS,shareera,561,20,34,30,5,33,4,41,2,0,5,1,23,36,15
SN,AS,shareera,562,19,34,28,5,35,3,43,3,0,5,1,24,36,15
SN,AS,shareera,563,20,32,28,5,34,3,44,3,0,4,1,24,36,16
SN,AS,shareera,564,19,30,28,4,33,3,45,3,0,5,1,25,34,15
SN,AS,shareera,565,19,30,28,5,34,3,45,3,0,5,1,27,34,15
SN,AS,shareera,566,19,30,29,5,35,3,45,3,0,5,1,27,34,16
SN,AS,shareera,567,19,29,29,5,34,2,46,3,0,6,1,26,33,16
SN,AS,shareera,568,19,30,29,4,33,2,45,4,0,6,1,27,32,15
SN,AS,shareera,569,20,31,25,4,32,1,45,5,0,6,1,25,31,14
SN,AS,shareera,570,21,32,25,4,31,0,44,5,0,6,1,27,31,14
SN,AS,shareera,571,22,32,24,4,31,0,43,5,0,6,1,24,30,14
SN,AS,shareera,572,20,28,22,5,29,0,35,5,0,6,1,21,23,12
SN,AS,shareera,573,20,29,21,5,26,0,30,5,1,6,1,20,19,11
SN,AS,shareera,574,20,34,24,6,29,0,33,5,1,5,1,19,21,12
SN,AS,shareera,575,20,35,24,6,30,0,31,5,1,5,2,18,19,12
SN,AS,shareera,576,17,32,21,6,26,0,24,5,1,4,2,13,18,9
SN,AS,shareera,577,16,31,19,6,27,0,24,5,1,4,3,12,15,8
SN,AS,shareera,578,16,33,18,6,28,0,23,4,1,4,4,14,16,8
SN,AS,shareera,579,18,34,17,6,28,0,23,3,1,4,5,16,17,8
SN,AS,shareera,580,18,37,17,6,28,0,23,3,1,4,5,16,19,8
SN,AS,shareera,581,20,38,17,6,29,1,24,3,1,3,5,16,19,7
SN,AS,shareera,582,20,41,17,6,29,1,24,3,1,3,5,16,19,7
SN,AS,shareera,583,20,36,17,5,28,2,23,3,1,3,5,16,18,6
SN,AS,shareera,584,21,38,20,5,32,2,24,3,1,3,5,18,17,7
SN,AS,shareera,585,21,39,21,5,31,2,24,3,1,3,5,17,16,7
SN,AS,shareera,586,23,40,22,5,32,3,25,3,1,3,5,17,16,7
SN,AS,shareera,587,23,40,23,5,29,3,23,2,1,3,5,16,17,9
SN,AS,shareera,588,23,40,24,6,32,3,22,2,1,3,5,16,17,9
SN,AS,shareera,589,23,41,25,7,35,3,21,2,1,2,5,15,17,9
SN,AS,shareera,590,23,40,26,7,33,3,23,2,1,2,5,13,18,9
SN,AS,shareera,591,24,41,26,8,33,3,23,2,1,2,5,13,17,8
SN,AS,shareera,592,23,41,27,9,35,3,21,2,1,1,5,13,17,8
SN,AS,shareera,593,23,41,27,9,36,3,21,2,1,1,5,12,18,8
SN,AS,shareera,594,19,40,27,10,34,3,16,1,1,1,5,10,16,7
SN,AS,shareera,595,18,39,28,11,36,3,14,1,1,1,5,8,16,6
SN,AS,shareera,596,19,37,29,12,38,3,14,1,1,1,5,8,16,6
SN,AS,shareera,597,19,37,30,11,40,3,14,2,1,1,5,8,16,6
SN,AS,shareera,598,18,36,32,12,42,3,14,2,0,1,5,8,16,6
SN,AS,shareera,599,18,32,30,12,39,3,11,2,0,1,5,10,15,5
SN,AS,shareera,600,19,31,31,13,39,3,10,2,0,1,4,10,15,5
SN,AS,shareera,601,19,30,33,14,39,3,10,2,0,1,4,10,14,5
SN,AS,shareera,602,19,28,33,15,38,3,10,2,0,1,3,10,15,5
SN,AS,shareera,603,17,25,35,16,37,3,11,2,0,1,2,8,15,5
SN,AS,shareera,604,16,25,35,16,38,4,11,2,0,1,1,6,14,5
SN,AS,shareera,605,16,22,37,16,39,4,11,3,0,1,0,6,13,5
SN,AS,shareera,606,15,21,37,16,37,3,10,3,0,2,0,6,14,6
SN,AS,shareera,607,22,38,47,16,50,3,28,3,0,2,0,12,24,15
SN,AS,shareera,608,24,39,49,17,51,2,31,3,0,2,0,14,24,15
SN,AS,shareera,609,24,37,45,16,48,2,32,3,0,2,0,14,27,16
SN,AS,shareera,610,23,36,45,16,48,2,32,3,0,1,1,14,27,16
SN,AS,shareera,611,20,34,44,16,49,1,30,4,0,1,1,14,26,15
SN,AS,shareera,612,20,36,44,17,50,1,30,4,0,1,1,14,24,13
SN,AS,shareera,613,20,37,44,16,47,1,30,5,0,1,1,15,25,12
SN,AS,shareera,614,20,36,44,16,44,1,32,5,0,1,1,15,27,12
SN,AS,shareera,615,20,37,43,16,44,1,30,5,0,1,1,16,28,12
SN,AS,shareera,616,19,37,43,16,43,1,31,5,0,1,1,17,28,12
SN,AS,shareera,617,21,36,43,16,42,1,32,5,0,1,1,17,27,12
SN,AS,shareera,618,21,36,43,17,41,1,32,4,0,1,1,17,28,12
SN,AS,shareera,619,20,36,43,17,39,1,32,4,0,1,1,18,30,12
SN,AS,shareera,620,21,35,43,17,38,1,32,4,0,1,1,18,31,12
SN,AS,shareera,621,20,36,43,17,36,1,33,4,0,1,1,19,31,12
SN,AS,shareera,622,20,36,44,18,34,1,33,3,0,1,1,20,31,12
SN,AS,shareera,623,20,37,42,18,34,1,33,3,0,1,1,20,32,12
SN,AS,shareera,624,21,37,42,18,34,1,33,3,0,1,1,18,33,12
SN,AS,shareera,625,21,39,41,18,34,1,33,3,0,1,1,17,33,12
SN,AS,shareera,626,23,38,40,18,33,1,33,3,0,1,1,18,33,12
SN,AS,shareera,627,23,38,39,18,32,1,33,3,0,1,1,18,32,12
SN,AS,shareera,628,24,38,36,17,34,1,33,3,0,2,1,18,31,12
SN,AS,shareera,629,24,39,36,17,33,1,32,3,0,2,1,18,31,12
SN,AS,shareera,630,25,41,37,17,36,1,35,3,0,2,1,18,30,14
SN,AS,shareera,631,25,41,38,17,37,1,36,3,0,1,1,19,36,14
SN,AS,shareera,632,19,23,33,16,31,2,19,3,0,1,1,15,27,7
SN,AS,shareera,633,16,23,30,16,28,2,17,3,0,1,1,12,26,8
SN,AS,shareera,634,15,22,30,17,27,2,16,3,0,1,1,10,23,6
SN,AS,shareera,635,16,22,29,18,27,2,16,3,0,1,0,10,23,7
SN,AS,shareera,636,16,21,29,18,24,2,16,2,0,1,0,12,23,7
SN,AS,shareera,637,16,19,29,17,23,2,16,2,0,1,0,12,23,7
SN,AS,shareera,638,17,19,29,17,25,2,17,2,0,1,0,11,23,7
SN,AS,shareera,639,17,19,30,16,28,2,15,2,0,1,0,11,21,7
SN,AS,shareera,640,18,19,30,16,30,2,15,2,0,1,0,10,20,7
SN,AS,shareera,641,18,18,29,15,32,2,16,3,0,1,0,9,21,7
SN,AS,shareera,642,17,20,29,14,34,2,16,3,0,1,1,9,21,7
SN,AS,shareera,643,17,19,29,13,41,2,16,4,0,1,1,9,19,7
SN,AS,shareera,644,19,21,28,12,43,2,17,4,0,1,1,8,19,8
SN,AS,shareera,645,20,23,27,11,44,2,17,4,0,1,1,8,19,8
SN,AS,shareera,646,21,24,27,10,45,2,19,4,0,1,2,8,21,9
SN,AS,shareera,647,22,25,26,9,46,2,19,4,0,1,3,8,20,9
SN,AS,shareera,648,26,28,29,8,49,2,24,4,1,1,3,8,22,9
SN,AS,shareera,649,25,32,30,7,51,2,24,4,1,1,4,10,23,9
SN,AS,shareera,650,26,30,30,6,53,2,26,5,1,1,4,10,24,9
SN,AS,shareera,651,26,36,30,5,57,2,28,5,1,1,5,10,25,9
SN,AS,shareera,652,26,38,31,4,63,2,27,5,1,1,5,12,26,10
SN,AS,shareera,653,25,41,31,4,67,2,28,5,1,0,6,13,27,11
SN,AS,shareera,654,24,42,32,4,69,1,28,5,1,1,6,13,28,11
SN,AS,shareera,655,23,40,29,4,64,1,25,4,1,2,6,15,28,9
SN,AS,shareera,656,23,46,33,4,72,1,29,4,1,2,7,15,25,10
SN,AS,shareera,657,22,43,29,4,66,0,29,4,1,2,8,13,26,8
SN,AS,shareera,658,22,44,29,4,67,0,28,4,1,2,8,13,26,7
SN,AS,shareera,659,22,44,28,3,68,0,27,4,1,2,8,13,27,8
SN,AS,shareera,660,21,45,28,2,68,0,28,4,1,2,8,13,27,7
SN,AS,shareera,661,21,45,27,2,69,0,29,4,1,3,8,12,27,7
SN,AS,shareera,662,21,46,26,3,70,0,29,4,1,3,8,12,27,7
SN,AS,shareera,663,19,47,25,3,68,0,29,3,1,4,8,12,26,8
SN,AS,shareera,664,19,47,23,4,66,0,29,3,1,4,8,13,26,8
SN,AS,shareera,665,20,48,23,3,69,0,30,4,1,4,8,13,28,10
SN,AS,shareera,666,20,49,24,3,67,0,28,3,1,4,8,13,27,10
SN,AS,shareera,667,19,48,24,3,68,0,30,3,1,5,7,14,30,10
SN,AS,shareera,668,20,50,23,4,61,0,31,2,1,5,7,14,30,10
SN,AS,shareera,669,18,47,23,4,60,0,33,2,1,5,7,14,29,9
SN,AS,shareera,670,16,47,23,5,58,0,34,2,1,5,7,14,28,9
SN,AS,shareera,671,14,48,22,5,57,0,33,2,1,5,6,13,26,8
SN,AS,shareera,672,13,47,20,5,58,0,35,2,1,5,5,12,26,8
SN,AS,shareera,673,9,45,16,6,54,0,30,2,0,5,5,13,24,8
SN,AS,shareera,674,11,46,15,6,55,0,31,2,0,6,4,13,24,8
SN,AS,shareera,675,9,46,15,6,53,1,30,1,0,6,4,13,24,8
SN,AS,shareera,676,9,43,13,6,51,1,31,1,0,6,4,13,25,10
SN,AS,shareera,677,8,42,14,6,47,1,32,1,0,6,4,14,26,10
SN,AS,shareera,678,8,42,15,6,42,1,31,1,0,6,3,13,26,9
SN,AS,shareera,679,8,39,14,6,40,1,32,1,0,5,3,13,26,9
SN,AS,shareera,680,8,39,14,6,40,1,34,1,0,4,3,11,28,11
SN,AS,shareera,681,9,35,10,7,34,1,29,1,0,4,2,10,25,10
SN,AS,shareera,682,9,35,9,7,32,1,28,1,0,4,1,11,24,10
SN,AS,shareera,683,9,35,10,6,31,1,28,1,0,5,1,11,29,10
SN,AS,shareera,684,9,36,11,6,30,1,29,2,0,5,1,11,28,9
SN,AS,shareera,685,9,35,13,6,32,1,29,2,1,5,1,12,29,9
SN,AS,shareera,686,10,36,13,7,32,1,29,2,1,4,1,11,30,9
SN,AS,shareera,687,13,38,14,6,32,1,31,2,2,4,1,12,32,10
SN,AS,shareera,688,13,37,15,6,34,1,30,3,2,3,1,12,32,9
SN,AS,shareera,689,14,37,16,6,34,1,32,3,2,3,1,11,32,9
SN,AS,shareera,690,14,37,17,6,32,1,33,3,2,3,1,12,29,7
SN,AS,shareera,691,14,41,17,6,35,1,34,4,2,3,1,14,30,8
SN,AS,shareera,692,15,40,17,6,33,1,31,4,2,2,1,13,27,8
SN,AS,shareera,693,15,41,17,5,34,1,30,4,2,2,1,13,28,8
SN,AS,shareera,694,17,42,18,6,34,1,27,4,2,2,1,14,28,8
SN,AS,shareera,695,17,43,19,5,35,1,27,5,2,2,1,14,28,8
SN,AS,shareera,696,17,42,20,5,36,1,26,5,2,2,2,14,29,8
SN,AS,shareera,697,17,42,20,5,35,1,24,5,2,2,2,15,31,10
SN,AS,shareera,698,17,44,22,4,37,1,25,5,2,2,2,15,32,10
SN,AS,shareera,699,16,42,23,4,37,2,25,5,2,1,2,13,30,10
SN,AS,shareera,700,17,44,23,4,37,1,26,6,2,1,2,14,30,11
SN,AS,shareera,701,15,46,24,4,37,1,25,7,2,1,1,14,28,9
SN,AS,shareera,702,15,46,22,5,35,1,24,7,2,1,1,11,27,8
SN,AS,shareera,703,15,44,21,6,34,1,23,7,2,1,1,11,27,8
SN,AS,shareera,704,15,46,21,6,35,1,22,7,2,1,1,11,25,8
SN,AS,shareera,705,15,48,21,6,36,1,20,8,2,1,1,11,23,6
SN,AS,shareera,706,13,48,20,6,34,1,20,8,2,1,1,11,22,5
SN,AS,shareera,707,13,48,20,6,36,1,19,8,2,1,1,10,21,5
SN,AS,shareera,708,14,46,19,7,38,1,19,8,2,0,1,10,16,5
SN,AS,shareera,709,15,47,19,7,38,1,21,7,2,0,1,11,17,6
SN,AS,shareera,710,15,50,18,7,37,1,23,7,1,0,1,10,16,6
SN,AS,shareera,711,14,51,19,6,37,1,23,7,1,0,1,12,15,6
SN,AS,shareera,712,11,51,20,6,37,1,22,8,0,0,1,11,13,5
SN,AS,shareera,713,12,52,19,6,35,1,25,7,0,0,1,12,13,5
SN,AS,shareera,714,11,52,20,6,35,1,23,7,0,0,1,13,13,5
SN,AS,shareera,715,9,53,19,6,32,1,21,6,0,0,1,12,15,5
SN,AS,shareera,716,9,48,18,7,29,1,20,5,0,0,1,10,15,4
SN,AS,shareera,717,9,48,18,7,28,1,21,5,0,0,1,10,15,4
SN,AS,shareera,718,8,44,19,7,27,1,21,5,0,0,1,11,14,4
SN,AS,shareera,719,6,43,18,7,26,1,21,5,0,0,1,10,14,4
SN,AS,shareera,720,7,41,17,7,25,1,20,4,0,0,1,10,14,4
SN,AS,shareera,721,7,40,17,7,25,1,20,4,0,0,0,10,14,4
SN,AS,shareera,722,8,40,17,7,25,1,21,5,0,0,0,9,13,2
SN,AS,shareera,723,8,37,16,7,23,2,22,5,0,0,0,9,11,2
SN,AS,shareera,724,7,33,15,8,21,1,22,5,0,0,0,10,11,2
SN,AS,shareera,725,6,34,15,8,22,1,20,4,0,0,0,10,12,2
SN,AS,shareera,726,7,30,14,8,20,1,18,3,0,0,0,10,12,2
SN,AS,shareera,727,10,30,15,7,22,1,19,3,0,0,0,10,12,3
SN,AS,shareera,728,10,29,16,6,24,2,19,3,0,0,0,10,12,3
SN,AS,shareera,729,11,28,16,6,24,2,19,3,0,0,0,12,12,3
SN,AS,shareera,730,11,28,16,6,25,2,23,2,0,0,0,13,14,3
SN,AS,shareera,731,12,27,16,5,25,2,25,3,0,0,0,13,14,3
SN,AS,shareera,732,12,28,16,5,23,2,25,3,0,0,0,14,14,3
SN,AS,shareera,733,12,28,16,4,22,2,25,4,0,0,0,15,14,3
SN,AS,shareera,734,11,26,15,5,22,2,24,4,0,0,0,14,14,2
SN,AS,shareera,735,12,27,15,5,24,2,21,5,0,0,0,17,16,2
SN,AS,shareera,736,12,26,14,5,25,2,20,5,0,0,0,15,17,2
SN,AS,shareera,737,12,24,14,6,27,2,20,4,0,0,0,15,17,3
SN,AS,shareera,738,11,22,15,7,28,2,17,4,0,0,0,14,17,3
SN,AS,shareera,739,11,23,13,6,27,2,17,4,0,1,0,13,17,3
SN,AS,shareera,740,12,20,12,6,29,2,17,4,0,1,0,13,16,4
SN,AS,shareera,741,13,21,12,5,28,2,17,4,0,1,1,13,15,4
SN,AS,shareera,742,12,22,12,5,27,2,16,4,0,2,1,13,15,4
SN,AS,shareera,743,14,22,13,5,29,2,17,5,0,2,1,14,15,4
SN,AS,shareera,744,14,22,13,4,30,2,17,5,0,3,1,14,14,4
SN,AS,shareera,745,13,22,13,4,30,2,17,5,1,3,1,14,14,5
SN,AS,shareera,746,14,22,12,4,29,2,16,5,1,3,2,15,13,5
SN,AS,shareera,747,13,23,12,4,29,2,15,4,1,3,2,15,14,5
SN,AS,shareera,748,14,22,11,4,28,1,15,4,1,3,2,14,14,5
SN,AS,shareera,749,15,22,10,3,27,1,14,4,1,3,2,13,13,6
SN,AS,shareera,750,15,19,11,3,29,1,15,5,1,3,2,14,11,5
SN,AS,shareera,751,15,19,11,4,29,1,15,5,1,3,2,13,11,5
SN,AS,shareera,752,12,18,10,4,27,1,14,5,1,4,2,15,10,4
SN,AS,shareera,753,12,18,10,4,28,0,15,5,2,4,2,15,9,4
SN,AS,shareera,754,12,18,10,4,27,0,15,5,2,4,2,13,12,4
SN,AS,shareera,755,13,16,11,4,25,0,12,5,2,4,2,12,10,4
SN,AS,shareera,756,12,15,11,4,25,0,10,4,2,4,2,13,12,4
SN,AS,shareera,757,12,14,11,5,26,0,10,4,2,4,2,12,12,4
SN,AS,shareera,758,11,14,11,5,25,0,10,3,3,4,2,11,13,4
SN,AS,shareera,759,11,14,11,5,26,0,8,3,3,4,2,11,13,4
SN,AS,shareera,760,10,10,11,5,24,0,8,2,3,4,2,8,11,4
SN,AS,shareera,761,10,10,11,5,22,0,9,2,3,4,3,8,10,5
SN,AS,shareera,762,10,11,10,4,19,0,8,2,3,4,4,8,10,4
SN,AS,shareera,763,10,11,10,4,19,0,8,2,3,4,4,8,10,4
SN,AS,shareera,764,10,11,10,5,19,0,8,2,3,3,4,8,11,4
SN,AS,shareera,765,9,12,10,5,17,0,8,2,3,3,4,9,10,3
SN,AS,shareera,766,8,11,10,5,18,0,8,2,3,4,3,9,10,3
SN,AS,shareera,767,8,11,9,5,18,0,8,2,4,3,3,10,10,3
SN,AS,shareera,768,6,12,7,5,17,0,7,1,4,3,3,8,10,4
SN,AS,shareera,769,10,15,8,5,16,0,8,2,4,2,3,8,10,4
SN,AS,shareera,770,11,14,8,6,15,0,8,2,3,2,3,8,10,4
SN,AS,shareera,771,10,14,8,6,16,0,9,2,3,2,3,7,10,5
SN,AS,shareera,772,11,14,9,6,15,0,9,3,3,2,3,7,9,5
SN,AS,shareera,773,11,14,9,6,15,0,7,3,3,2,4,7,10,5
SN,AS,shareera,774,11,15,10,6,15,0,7,3,3,2,4,7,12,4
SN,AS,shareera,775,12,17,8,6,11,0,7,2,3,2,5,6,12,4
SN,AS,shareera,776,12,17,9,6,11,0,8,2,3,2,5,6,12,4
SN,AS,shareera,777,12,17,9,6,12,0,9,2,3,1,5,4,13,4
SN,AS,shareera,778,12,18,8,6,9,0,9,2,2,1,5,4,14,4
SN,AS,shareera,779,11,17,9,6,9,0,9,2,2,2,5,4,11,4
SN,AS,shareera,780,10,17,8,7,11,0,10,2,2,2,5,4,12,4
SN,AS,shareera,781,10,17,8,8,11,0,10,2,2,2,5,3,10,4
SN,AS,shareera,782,10,18,8,7,10,0,10,2,3,2,5,3,10,4
SN,AS,shareera,783,10,19,9,7,11,0,10,2,2,2,6,3,9,4
SN,AS,shareera,784,10,20,10,6,10,0,10,2,2,2,7,3,8,4
SN,AS,shareera,785,10,20,9,6,9,0,13,2,2,2,7,3,8,4
SN,AS,shareera,786,10,19,9,6,10,1,12,2,2,2,6,3,8,3
SN,AS,shareera,787,10,17,8,6,10,1,11,2,3,2,5,3,9,3
SN,AS,shareera,788,10,17,7,5,10,1,11,2,3,3,5,3,9,3
SN,AS,shareera,789,10,16,7,4,10,1,13,2,3,3,5,3,8,3
SN,AS,shareera,790,10,15,8,4,10,1,13,2,3,3,5,3,12,4
SN,AS,shareera,791,10,16,8,4,10,1,13,2,3,2,6,3,12,4
SN,AS,shareera,792,10,15,8,4,12,1,13,2,3,2,6,3,12,4
SN,AS,shareera,793,11,15,10,4,12,1,13,2,4,2,6,3,12,3
SN,AS,shareera,794,7,12,9,5,12,1,12,1,4,2,6,4,13,3
SN,AS,shareera,795,6,13,9,4,12,1,12,1,4,2,7,5,13,2
SN,AS,shareera,796,6,15,10,5,11,1,11,1,4,2,6,6,13,2
SN,AS,shareera,797,6,14,9,5,12,1,13,0,4,2,6,6,13,2
SN,AS,shareera,798,5,15,9,5,13,1,13,0,4,2,5,6,13,4
SN,AS,shareera,799,4,14,9,6,14,1,13,0,4,2,5,7,11,4
SN,AS,shareera,800,3,14,11,6,15,1,12,0,4,2,4,6,11,4
SN,AS,shareera,801,3,13,11,6,15,1,12,0,4,2,4,6,11,4
SN,AS,shareera,802,4,14,12,6,15,1,13,0,4,2,4,6,10,5
SN,AS,shareera,803,4,15,12,6,15,1,13,0,4,3,4,6,9,5
SN,AS,shareera,804,5,16,11,6,15,1,13,0,4,2,4,6,10,5
SN,AS,shareera,805,5,18,14,5,14,2,14,0,4,2,4,7,10,5
SN,AS,shareera,806,6,18,14,4,13,2,15,1,4,2,4,7,10,5
SN,AS,shareera,807,6,17,15,4,14,2,15,1,3,2,4,7,11,5
SN,AS,shareera,808,6,17,14,5,13,2,15,1,3,2,3,8,12,5
SN,AS,shareera,809,6,16,13,5,14,3,15,1,3,2,2,8,12,5
SN,AS,shareera,810,6,16,13,6,18,3,13,1,3,2,2,8,12,5
SN,AS,shareera,811,6,16,13,7,18,2,13,1,3,2,2,8,12,5
SN,AS,shareera,812,7,16,14,7,18,2,14,2,2,2,2,8,11,6
SN,AS,shareera,813,7,16,14,7,18,2,14,2,2,2,2,8,11,6
SN,AS,shareera,814,8,16,14,7,18,2,12,2,3,2,2,8,11,6
SN,AS,shareera,815,8,16,13,7,19,2,13,2,3,2,2,7,7,5
SN,AS,shareera,816,9,15,13,7,18,3,13,2,3,2,1,7,7,5
SN,AS,shareera,817,9,15,13,7,18,3,13,2,2,2,1,6,7,5
SN,AS,shareera,818,8,16,11,7,17,3,14,2,1,2,2,6,7,5
SN,AS,shareera,819,8,16,11,6,17,3,15,2,1,3,2,5,6,5
SN,AS,shareera,820,8,15,11,6,18,4,15,2,1,3,1,4,6,5
SN,AS,shareera,821,8,12,10,5,18,4,15,2,1,3,1,4,7,4
SN,AS,shareera,822,8,12,10,5,18,4,13,2,1,3,1,4,6,4
SN,AS,shareera,823,8,11,10,5,18,5,13,2,1,3,1,4,5,2
SN,AS,shareera,824,8,11,9,4,18,5,13,2,1,3,1,5,6,2
SN,AS,shareera,825,8,9,7,4,18,5,13,2,1,4,1,5,6,2
SN,AS,shareera,826,7,10,6,3,18,5,12,2,2,4,1,5,6,2
SN,AS,shareera,827,6,9,5,3,17,5,10,2,2,5,1,5,7,1
SN,AS,shareera,828,6,8,5,3,17,5,9,2,2,5,1,5,7,1
SN,AS,shareera,829,5,9,6,3,17,5,10,3,2,5,1,5,6,1
SN,AS,shareera,830,5,7,3,3,16,4,7,4,2,5,1,4,6,1
SN,AS,shareera,831,5,9,4,3,16,4,6,3,2,5,2,4,6,1
SN,AS,shareera,832,5,10,3,3,15,4,8,3,2,5,3,5,6,1
SN,AS,shareera,833,6,9,3,2,15,4,8,4,2,5,3,4,8,1
SN,AS,shareera,834,6,10,3,2,14,3,8,4,2,5,4,5,9,1
SN,AS,shareera,835,7,11,5,2,10,3,9,4,2,5,4,6,9,1
SN,AS,shareera,836,8,12,5,2,10,3,10,4,2,5,4,6,10,1
SN,AS,shareera,837,8,14,6,2,12,3,11,4,2,5,4,7,11,0
SN,AS,shareera,838,8,16,6,2,11,3,11,5,2,4,4,7,11,0
SN,AS,shareera,839,7,17,6,2,12,3,11,5,1,4,5,8,11,0
SN,AS,shareera,840,7,18,6,2,11,3,11,5,1,4,5,8,11,0
SN,AS,shareera,841,6,18,6,2,12,2,12,5,1,4,5,8,11,0
SN,AS,shareera,842,6,18,6,3,14,2,13,5,1,4,5,8,11,0
SN,AS,shareera,843,6,16,6,3,14,2,12,5,2,4,4,8,12,0
SN,AS,shareera,844,6,16,6,3,14,2,12,5,2,3,5,9,13,1
SN,AS,shareera,845,6,17,6,4,13,1,14,5,2,3,5,9,14,1
SN,AS,shareera,846,6,18,6,4,14,1,14,5,2,3,5,8,13,1
SN,AS,shareera,847,5,19,6,4,13,1,14,5,3,3,5,8,13,1
SN,AS,shareera,848,5,19,6,4,12,0,14,5,3,4,5,9,13,1
SN,AS,shareera,849,5,20,6,4,12,0,14,5,3,5,5,7,12,1
SN,AS,shareera,850,5,20,6,4,11,1,14,5,3,4,5,8,12,1
SN,AS,shareera,851,5,19,7,5,11,1,14,5,2,4,5,8,12,1
SN,AS,shareera,852,5,19,7,6,11,1,15,5,2,3,5,8,13,1
SN,AS,shareera,853,5,18,7,6,11,1,15,5,2,2,5,8,14,2
SN,AS,shareera,854,6,16,7,6,11,1,14,4,2,2,5,8,14,2
SN,AS,shareera,855,6,16,7,7,12,1,14,3,2,2,5,8,13,2
SN,AS,shareera,856,5,14,7,7,13,1,14,3,2,2,4,8,13,2
SN,AS,shareera,857,5,14,7,7,13,1,12,3,2,2,4,7,13,2
SN,AS,shareera,858,4,15,7,7,14,1,13,2,2,2,4,7,10,2
SN,AS,shareera,859,5,14,7,8,14,1,13,2,2,2,3,6,10,2
SN,AS,shareera,860,5,13,5,7,14,1,11,2,3,2,3,5,10,2
SN,AS,shareera,861,5,13,5,6,14,1,10,2,3,2,3,5,9,2
SN,AS,shareera,862,4,11,3,6,12,1,9,1,3,3,3,4,8,2
SN,AS,shareera,863,4,9,3,6,13,2,9,0,3,3,3,4,8,2
SN,AS,shareera,864,4,8,3,7,13,2,9,0,3,3,2,3,8,2
SN,AS,shareera,865,6,7,3,7,14,2,8,1,3,3,2,3,9,2
SN,AS,shareera,866,7,7,3,7,14,3,7,1,3,3,2,3,9,2
SN,AS,shareera,867,7,7,3,6,10,3,6,2,3,3,2,3,11,2
SN,AS,shareera,868,8,7,3,6,10,3,6,2,2,3,2,4,11,2
SN,AS,shareera,869,8,7,3,7,10,3,5,2,2,3,1,5,10,1
SN,AS,shareera,870,8,6,4,6,11,3,4,2,2,3,1,5,9,2
SN,AS,shareera,871,9,5,4,7,10,3,4,2,2,3,1,5,9,2
SN,AS,shareera,872,9,5,4,7,11,3,5,2,1,3,1,5,9,2
SN,AS,shareera,873,9,5,5,8,12,3,5,2,1,2,1,4,9,2
SN,AS,shareera,874,9,4,5,8,12,4,6,2,1,1,1,4,9,2
SN,AS,shareera,875,9,4,5,8,13,3,6,3,1,1,1,3,10,2
SN,AS,shareera,876,9,6,4,7,14,3,6,3,1,1,1,3,11,2
SN,AS,shareera,877,9,7,5,6,15,3,6,3,1,2,1,3,11,2
SN,AS,shareera,878,9,8,5,6,17,3,7,3,1,3,1,3,10,1
SN,AS,shareera,879,8,9,6,6,20,3,11,3,1,3,1,6,11,2
SN,AS,shareera,880,9,10,10,5,21,3,13,3,1,3,1,7,13,3
SN,AS,shareera,881,9,12,11,5,20,3,13,3,1,3,1,8,13,3
SN,AS,shareera,882,9,12,11,5,20,3,14,3,1,3,1,8,13,3
SN,AS,shareera,883,9,12,12,5,20,3,13,3,1,3,1,9,16,3
SN,AS,shareera,884,9,13,12,4,20,3,13,4,1,3,1,10,15,3
SN,AS,shareera,885,8,15,12,4,21,3,17,5,0,3,1,10,15,4
SN,AS,shareera,886,7,14,12,4,21,3,17,5,0,3,2,10,16,5
SN,AS,shareera,887,8,14,14,4,24,3,16,5,0,2,2,11,17,5
SN,AS,shareera,888,9,14,14,5,25,2,18,5,0,2,2,11,18,5
SN,AS,shareera,889,9,14,15,4,24,2,20,6,0,2,2,14,19,5
SN,AS,shareera,890,8,14,15,4,24,2,22,5,0,2,2,15,18,5
SN,AS,shareera,891,9,15,16,4,24,1,22,5,0,2,2,15,18,5
SN,AS,shareera,892,9,17,16,4,24,1,22,4,0,3,2,15,18,6
SN,AS,shareera,893,8,20,16,5,25,1,23,4,0,3,2,14,18,6
SN,AS,shareera,894,8,20,16,5,25,1,23,4,0,3,2,12,18,7
SN,AS,shareera,895,9,22,16,5,28,1,31,4,0,3,2,14,19,6
SN,AS,shareera,896,8,22,16,4,29,1,31,5,0,3,2,14,20,6
SN,AS,shareera,897,8,22,16,4,28,1,32,6,0,3,2,14,20,6
SN,AS,shareera,898,8,22,16,3,27,1,33,6,0,4,2,14,21,6
SN,AS,shareera,899,8,22,16,4,27,0,32,6,0,4,2,14,21,6
SN,AS,shareera,900,9,23,16,4,26,0,33,6,0,4,2,14,20,8
SN,AS,shareera,901,10,21,16,5,25,0,33,6,0,4,2,16,19,8
SN,AS,shareera,902,10,22,16,6,26,0,35,6,0,3,2,17,18,8
SN,AS,shareera,903,10,22,16,6,24,0,34,6,0,2,2,17,18,8
SN,AS,shareera,904,10,22,14,6,22,0,30,6,0,2,2,15,19,7
SN,AS,shareera,905,9,22,10,6,20,0,28,7,0,2,2,14,19,6
SN,AS,shareera,906,9,20,11,6,20,1,30,7,0,2,2,15,19,6
SN,AS,shareera,907,9,20,11,6,20,1,32,7,0,2,1,17,21,6
SN,AS,shareera,908,9,23,10,6,19,1,32,7,1,2,1,16,19,6
SN,AS,shareera,909,8,23,12,6,20,1,35,7,1,2,1,16,19,6
SN,AS,shareera,910,8,22,12,6,22,2,32,6,1,2,1,17,20,5
SN,AS,shareera,911,9,24,14,6,22,2,32,7,1,2,0,19,20,4
SN,AS,shareera,912,8,24,12,6,19,2,32,7,1,2,1,18,19,5
SN,AS,shareera,913,8,24,13,6,17,2,31,7,1,2,1,19,19,5
SN,AS,shareera,914,10,24,13,7,17,2,30,6,1,2,1,17,18,5
SN,AS,shareera,915,10,24,13,7,17,2,28,6,1,2,1,16,18,5
SN,AS,shareera,916,8,24,13,7,18,2,29,6,1,2,1,16,18,5
SN,AS,shareera,917,9,24,13,7,18,3,29,6,1,1,1,16,17,4
SN,AS,shareera,918,13,21,14,6,20,3,28,6,1,1,1,16,16,4
SN,AS,shareera,919,13,21,15,5,20,3,28,6,1,2,1,17,17,3
SN,AS,shareera,920,16,21,17,5,18,3,19,7,1,2,1,15,19,3
SN,AS,shareera,921,16,22,17,5,17,3,19,6,1,2,1,15,20,3
SN,AS,shareera,922,16,22,18,5,17,3,18,5,1,2,1,15,20,3
SN,AS,shareera,923,17,22,17,5,18,3,18,5,1,1,1,15,19,3
SN,AS,shareera,924,17,22,17,4,18,3,18,5,1,2,1,15,19,3
SN,AS,shareera,925,18,21,17,5,18,3,18,4,1,2,1,15,19,1
SN,AS,shareera,926,17,21,17,4,19,3,18,4,1,2,1,13,20,1
SN,AS,shareera,927,17,19,16,4,19,3,15,4,1,2,1,13,19,1
SN,AS,shareera,928,17,19,16,4,20,3,15,4,1,2,1,14,19,1
SN,AS,shareera,929,18,18,17,4,20,3,15,4,1,2,1,13,17,1
SN,AS,shareera,930,18,17,17,4,21,4,16,3,1,2,1,13,16,1
SN,AS,shareera,931,19,18,15,4,23,3,14,3,1,3,1,12,17,1
SN,AS,shareera,932,19,18,16,4,24,3,13,3,1,4,1,11,14,1
SN,AS,shareera,933,19,14,16,5,24,3,15,3,0,4,1,11,13,1
SN,AS,shareera,934,19,14,15,5,26,3,13,2,0,4,1,10,13,2
SN,AS,shareera,935,19,13,15,5,23,3,13,2,0,4,1,9,12,3
SN,AS,shareera,936,19,11,14,5,24,3,13,1,0,5,1,7,13,4
SN,AS,shareera,937,19,11,14,5,25,3,13,2,0,5,0,7,14,3
SN,AS,shareera,938,20,12,13,4,27,3,12,3,0,5,0,7,13,3
SN,AS,shareera,939,18,12,12,3,30,3,11,3,1,5,0,6,13,3
SN,AS,shareera,940,17,13,12,3,29,3,11,3,2,5,0,6,13,3
SN,AS,shareera,941,17,12,11,3,27,3,12,3,2,6,0,6,13,3
SN,AS,shareera,942,16,10,12,3,28,2,12,3,2,7,0,6,13,3
SN,AS,shareera,943,13,11,14,4,25,2,13,3,2,7,0,7,13,3
SN,AS,shareera,944,14,11,13,4,27,2,13,3,2,7,0,6,13,3
SN,AS,shareera,945,10,9,10,4,26,2,13,2,2,7,0,7,10,3
SN,AS,shareera,946,10,8,10,4,27,2,15,2,2,8,0,7,11,3
SN,AS,shareera,947,10,7,9,4,27,2,16,2,2,9,0,7,11,3
SN,AS,shareera,948,9,8,9,4,28,2,17,2,2,9,0,7,13,3
SN,AS,shareera,949,9,8,9,5,28,2,17,2,2,8,0,7,14,3
SN,AS,shareera,950,7,8,9,4,29,2,17,2,2,8,0,8,15,3
SN,AS,shareera,951,7,8,10,4,29,3,17,2,2,8,0,8,14,3
SN,AS,shareera,952,9,8,10,3,29,3,17,2,2,8,0,7,14,3
SN,AS,shareera,953,9,8,11,3,31,3,17,2,2,8,1,7,16,3
SN,AS,shareera,954,8,9,10,3,30,3,17,2,2,8,1,8,16,3
SN,AS,shareera,955,8,9,10,3,30,2,17,2,2,9,1,8,15,3
SN,AS,shareera,956,8,9,11,4,29,2,17,2,2,8,1,7,14,3
SN,AS,shareera,957,8,8,10,4,28,2,15,2,2,7,1,8,14,3
SN,AS,shareera,958,8,9,10,3,34,3,13,2,2,7,1,8,14,5
SN,AS,shareera,959,9,9,10,4,31,3,15,2,2,7,1,8,15,4
SN,AS,shareera,960,9,10,10,4,32,2,14,2,3,7,1,11,18,4
SN,AS,shareera,961,8,11,9,4,31,2,14,2,3,6,1,13,17,3
SN,AS,shareera,962,9,12,9,5,30,2,15,1,3,6,1,13,17,3
SN,AS,shareera,963,8,12,10,5,28,2,15,0,3,6,1,12,17,3
SN,AS,shareera,964,9,15,10,5,28,2,16,1,2,6,1,12,17,3
SN,AS,shareera,965,9,16,10,5,31,2,17,1,1,6,1,12,17,3
SN,AS,shareera,966,10,17,10,6,34,2,15,1,1,5,1,12,17,3
SN,AS,shareera,967,10,19,9,6,34,2,15,1,1,4,1,13,17,3
SN,AS,shareera,968,9,19,6,5,36,2,15,1,1,4,1,12,17,4
SN,AS,shareera,969,9,20,6,5,34,2,16,1,1,3,1,12,16,4
SN,AS,shareera,970,9,22,6,5,35,2,17,1,2,3,1,12,17,6
SN,AS,shareera,971,9,23,8,6,35,2,15,1,2,2,1,12,15,6
SN,AS,shareera,972,9,25,8,6,37,3,13,1,2,1,1,12,15,6
SN,AS,shareera,973,9,25,9,7,35,3,12,1,2,1,1,12,13,6
SN,AS,shareera,974,9,25,10,7,35,3,12,1,2,1,1,12,16,7
SN,AS,shareera,975,10,26,10,7,36,3,13,1,2,1,2,11,15,7
SN,AS,shareera,976,10,28,10,7,38,2,13,1,2,1,2,11,15,8
SN,AS,shareera,977,8,29,10,8,37,2,15,1,2,1,2,13,15,9
SN,AS,shareera,978,8,29,9,8,36,2,15,1,2,2,1,12,13,10
SN,AS,shareera,979,10,28,10,8,38,2,16,1,2,2,1,11,14,10
SN,AS,shareera,980,11,28,10,8,37,2,15,1,2,1,1,11,15,10
SN,AS,shareera,981,10,29,8,7,37,2,16,1,2,1,1,11,16,10
SN,AS,shareera,982,10,29,9,8,39,2,17,1,2,1,1,9,17,10
SN,AS,shareera,983,10,28,9,8,34,2,17,1,2,1,1,10,17,8
SN,AS,shareera,984,9,28,8,7,35,2,14,2,2,1,1,11,16,8
SN,AS,shareera,985,9,27,8,7,35,2,14,2,1,1,1,8,13,7
SN,AS,shareera,986,9,26,8,7,35,2,14,2,1,1,1,6,12,7
SN,AS,shareera,987,9,26,8,6,36,3,13,2,1,1,1,6,11,7
SN,AS,shareera,988,8,26,7,6,37,3,13,2,1,1,1,6,12,7
SN,AS,shareera,989,8,23,7,6,36,3,12,1,1,2,1,7,12,7
SN,AS,shareera,990,8,21,7,6,34,3,11,1,2,2,1,7,12,7
SN,AS,shareera,991,7,23,7,5,33,3,11,2,2,2,1,7,12,8
SN,AS,shareera,992,7,22,7,6,35,3,12,2,2,2,1,6,12,9
SN,AS,shareera,993,7,21,7,6,33,3,11,3,2,2,1,6,14,8
SN,AS,shareera,994,6,20,9,6,37,3,10,3,2,2,1,7,17,8
SN,AS,shareera,995,8,21,11,6,36,3,11,4,1,2,1,6,17,6
SN,AS,shareera,996,8,20,10,5,37,3,12,4,1,2,2,7,16,6
SN,AS,shareera,997,8,20,11,5,37,2,12,5,1,2,2,9,17,6
SN,AS,shareera,998,8,20,13,5,37,2,12,5,1,2,2,10,19,6
SN,AS,shareera,999,8,20,12,4,37,3,13,5,1,2,2,10,15,5
SN,AS,shareera,1000,8,20,12,4,35,3,11,6,1,2,1,10,16,6
SN,AS,shareera,1001,8,19,13,4,32,3,11,6,1,2,1,10,21,5
SN,AS,shareera,1002,8,18,15,3,32,3,10,6,1,2,2,8,23,4
SN,AS,shareera,1003,8,19,15,3,30,4,10,6,1,1,2,8,23,3
SN,AS,shareera,1004,6,21,14,3,29,4,11,7,1,1,2,8,22,3
SN,AS,shareera,1005,6,21,14,4,31,4,11,7,1,1,2,8,23,3
SN,AS,shareera,1006,7,19,15,4,30,4,12,8,1,1,2,9,22,3
SN,AS,shareera,1007,7,20,15,3,29,4,11,9,1,1,2,9,21,3
SN,AS,shareera,1008,7,21,15,3,29,3,12,10,1,1,2,8,21,3
SN,AS,shareera,1009,7,20,15,3,30,3,13,10,1,1,2,7,21,3
SN,AS,shareera,1010,7,21,15,3,30,3,14,10,2,1,2,7,21,3
SN,AS,shareera,1011,7,22,16,3,30,3,14,10,2,1,2,7,22,3
SN,AS,shareera,1012,6,22,16,3,30,2,15,10,2,1,3,7,22,3
SN,AS,shareera,1013,6,22,16,3,30,2,17,11,2,1,3,7,21,3
SN,AS,shareera,1014,5,23,16,3,28,2,18,11,2,0,3,6,23,3
SN,AS,shareera,1015,8,27,19,3,30,2,19,11,1,0,3,6,24,4
SN,AS,shareera,1016,13,26,20,3,29,2,23,11,1,0,3,7,24,3
SN,AS,shareera,1017,13,25,20,3,29,2,22,11,1,0,3,7,24,2
SN,AS,shareera,1018,14,25,20,3,29,2,22,10,1,0,4,8,24,2
SN,AS,shareera,1019,15,26,18,3,26,2,24,10,1,0,4,7,21,2
SN,AS,shareera,1020,13,24,16,4,26,2,22,9,1,0,4,9,21,2
SN,AS,shareera,1021,15,27,17,4,25,2,22,9,1,0,3,9,22,3
SN,AS,shareera,1022,17,25,16,5,23,2,22,8,1,0,3,7,21,3
SN,AS,shareera,1023,17,26,16,4,30,2,25,8,1,0,3,7,24,3
SN,AS,shareera,1024,18,26,17,4,31,1,25,8,1,0,4,7,26,3
SN,AS,shareera,1025,17,25,17,4,32,1,26,8,1,0,4,8,25,2
SN,AS,shareera,1026,17,24,15,4,33,1,26,9,1,0,4,8,21,2
SN,AS,shareera,1027,17,25,13,4,32,1,26,9,1,0,3,8,19,2
SN,AS,shareera,1028,17,23,14,5,35,0,27,9,1,0,3,8,19,2
SN,AS,shareera,1029,17,21,14,5,35,0,26,8,1,1,3,8,20,2
SN,AS,shareera,1030,16,22,14,4,34,0,28,8,1,1,4,10,18,2
SN,AS,shareera,1031,16,23,13,4,35,0,29,8,1,1,4,10,18,2
SN,AS,shareera,1032,17,23,13,5,34,0,31,7,1,1,4,10,18,4
SN,AS,shareera,1033,19,23,13,5,33,1,31,6,1,1,4,11,19,4
SN,AS,shareera,1034,21,24,15,5,32,1,34,6,1,1,4,12,20,4
SN,AS,shareera,1035,24,28,18,5,34,1,36,7,0,1,4,14,22,7
SN,AS,shareera,1036,26,29,18,5,34,1,37,7,0,1,4,14,22,9
SN,AS,shareera,1037,26,30,19,5,34,1,36,7,0,1,3,15,24,9
SN,AS,shareera,1038,27,29,19,5,33,1,34,6,0,1,3,17,26,9
SN,AS,shareera,1039,27,29,19,5,36,1,36,6,0,1,4,18,30,9
SN,AS,shareera,1040,25,26,18,5,35,1,38,6,0,1,4,19,29,8
SN,AS,shareera,1041,20,28,18,5,37,1,36,5,0,1,4,19,31,8
SN,AS,shareera,1042,20,30,19,5,38,1,38,5,0,1,4,20,35,8
SN,AS,shareera,1043,20,31,21,5,39,1,39,5,0,1,3,19,34,8
SN,AS,shareera,1044,23,33,22,5,41,1,39,5,0,1,3,19,36,9
SN,AS,shareera,1045,23,32,25,5,41,1,41,5,0,1,3,18,35,9
SN,AS,shareera,1046,21,30,24,6,40,1,40,5,0,1,3,17,34,8
SN,AS,shareera,1047,23,34,25,5,45,1,46,6,0,1,3,20,36,9
SN,AS,shareera,1048,23,33,24,6,39,1,42,6,0,1,3,19,31,9
SN,AS,shareera,1049,22,34,25,6,38,1,41,6,0,1,2,19,30,9
SN,AS,shareera,1050,23,35,25,6,38,1,40,5,0,2,2,18,32,9
SN,AS,shareera,1051,23,38,27,7,39,1,40,4,0,2,2,19,32,10
SN,AS,shareera,1052,23,39,27,7,41,1,40,4,0,2,2,19,32,10
SN,AS,shareera,1053,23,40,27,6,40,1,39,4,0,2,2,19,33,10
SN,AS,shareera,1054,23,41,27,7,39,1,38,4,0,1,2,19,33,10
SN,AS,shareera,1055,23,40,27,7,39,1,36,4,0,1,1,19,34,10
SN,AS,shareera,1056,22,40,27,7,38,1,35,3,0,1,1,18,35,11
SN,AS,shareera,1057,22,41,26,6,38,1,35,4,0,1,1,18,35,9
SN,AS,shareera,1058,22,40,27,6,46,0,36,4,0,1,1,18,36,10
SN,AS,shareera,1059,20,39,25,7,46,0,34,3,0,1,1,17,37,10
SN,AS,shareera,1060,17,37,24,8,46,0,32,2,0,1,1,17,39,8
SN,AS,shareera,1061,16,39,24,8,45,1,33,2,0,1,1,19,41,6
SN,AS,shareera,1062,16,38,23,8,44,1,34,2,0,1,1,18,39,7
SN,AS,shareera,1063,15,39,23,8,44,1,34,3,0,1,1,16,38,7
SN,AS,shareera,1064,20,42,27,8,46,1,39,3,0,1,0,18,39,10
SN,AS,shareera,1065,20,43,26,8,45,1,36,3,0,1,0,17,42,11
SN,AS,shareera,1066,22,40,26,8,43,1,34,4,0,1,0,17,42,11
SN,AS,shareera,1067,23,39,25,7,39,1,32,4,0,1,0,17,38,12
SN,AS,shareera,1068,22,38,24,7,39,1,32,5,0,1,0,17,37,12
SN,AS,shareera,1069,18,35,24,7,38,1,31,6,0,1,0,19,35,11
SN,AS,shareera,1070,20,36,22,6,37,1,29,7,0,1,0,19,35,13
SN,AS,shareera,1071,20,35,23,5,38,1,29,7,1,1,0,20,35,13
SN,AS,shareera,1072,16,32,23,5,34,1,23,6,1,1,0,17,33,13
SN,AS,shareera,1073,18,34,23,4,34,1,26,6,2,1,0,18,36,14
SN,AS,shareera,1074,18,34,21,4,36,1,29,6,3,1,0,18,36,14
SN,AS,shareera,1075,18,33,23,4,36,1,29,6,3,0,0,18,35,14
SN,AS,shareera,1076,18,30,22,3,36,1,29,6,3,0,0,17,34,13
SN,AS,shareera,1077,20,30,26,3,36,1,34,6,3,0,0,23,36,13
SN,AS,shareera,1078,20,29,25,3,34,1,34,6,3,0,1,23,35,14
SN,AS,shareera,1079,21,29,27,2,35,1,34,7,3,0,1,23,34,14
SN,AS,shareera,1080,21,29,28,2,35,1,34,8,3,0,1,22,35,14
SN,AS,shareera,1081,22,29,29,3,36,1,32,8,3,0,1,22,35,13
SN,AS,shareera,1082,22,28,30,4,37,1,31,7,3,0,1,22,35,13
SN,AS,shareera,1083,20,28,31,5,31,1,29,7,3,0,1,21,34,12
SN,AS,shareera,1084,20,28,33,5,30,1,29,7,3,0,1,21,33,12
SN,AS,shareera,1085,21,26,32,4,27,1,29,8,3,0,1,19,30,11
SN,AS,shareera,1086,20,23,32,5,28,0,27,8,3,0,1,17,29,11
SN,AS,shareera,1087,21,23,34,6,28,0,26,8,3,0,1,17,30,10
SN,AS,shareera,1088,21,24,35,7,29,0,26,7,3,0,1,17,30,10
SN,AS,shareera,1089,16,22,32,8,26,0,18,7,3,0,1,14,23,7
SN,AS,shareera,1090,15,21,32,9,26,0,18,7,3,0,1,15,21,6
SN,AS,shareera,1091,13,21,32,9,26,0,19,7,3,0,1,14,20,6
SN,AS,shareera,1092,12,21,33,10,28,0,19,7,3,0,1,13,20,5
SN,AS,shareera,1093,12,21,34,11,28,0,19,6,3,0,1,13,21,5
SN,AS,shareera,1094,12,22,34,12,27,0,18,5,3,0,1,11,23,5
SN,AS,shareera,1095,11,21,34,13,29,0,18,4,3,0,1,10,24,3
SN,AS,shareera,1096,12,21,33,14,30,0,19,4,2,0,1,9,24,3
SN,AS,shareera,1097,13,20,32,15,29,0,20,4,2,0,1,9,24,2
SN,AS,shareera,1098,11,17,30,16,31,0,18,4,1,0,1,9,21,1
SN,AS,shareera,1099,13,17,30,16,28,1,15,4,0,0,1,9,21,1
SN,AS,shareera,1100,12,17,28,16,27,2,15,4,0,0,1,9,22,1
SN,AS,shareera,1101,12,17,27,16,27,2,15,4,0,0,2,10,22,1
SN,AS,shareera,1102,10,15,24,16,25,2,9,4,0,1,2,4,21,1
SN,AS,shareera,1103,10,15,24,16,26,2,10,4,0,1,1,4,21,0
SN,AS,shareera,1104,9,16,25,16,25,3,13,3,0,1,1,5,23,2
SN,AS,shareera,1105,10,16,25,16,28,3,13,2,0,1,1,4,21,2
SN,AS,shareera,1106,10,15,24,15,28,3,14,2,0,2,1,4,20,3
SN,AS,shareera,1107,10,15,24,14,27,4,13,2,0,2,1,4,21,3
SN,AS,shareera,1108,10,17,22,14,25,4,13,2,0,2,1,5,20,3
SN,AS,shareera,1109,10,17,20,13,26,4,11,2,0,2,1,6,19,3
SN,AS,shareera,1110,9,17,19,14,27,4,11,1,0,2,1,6,18,3
SN,AS,shareera,1111,9,18,18,13,26,4,13,1,0,2,1,6,16,3
SN,AS,shareera,1112,8,18,16,12,27,4,14,1,0,3,1,6,17,4
SN,AS,shareera,1113,9,18,15,11,26,4,14,1,0,3,1,6,16,4
SN,AS,shareera,1114,9,17,15,11,26,4,14,1,0,3,1,6,16,4
SN,AS,shareera,1115,9,18,14,10,25,4,14,1,0,4,1,6,15,5
SN,AS,shareera,1116,9,20,13,10,24,4,13,1,0,4,1,6,15,5
SN,AS,shareera,1117,9,23,12,10,23,4,13,1,0,4,1,6,14,5
SN,AS,shareera,1118,10,24,10,10,24,4,13,1,0,4,1,7,13,5
SN,AS,shareera,1119,10,25,9,10,24,4,13,1,0,4,1,7,11,5
SN,AS,shareera,1120,9,25,8,9,22,5,13,1,0,4,1,8,11,6
SN,AS,shareera,1121,8,27,8,9,20,5,12,1,0,4,1,8,11,6
SN,AS,shareera,1122,7,28,8,8,20,5,11,1,0,5,1,8,11,6
SN,AS,shareera,1123,8,30,8,7,17,6,12,1,0,5,1,7,11,6
SN,AS,shareera,1124,6,29,9,8,17,5,12,1,0,5,1,8,10,6
SN,AS,shareera,1125,7,31,9,9,18,4,13,1,0,5,1,8,8,7
SN,AS,shareera,1126,7,32,9,9,16,5,15,1,0,5,0,8,9,7
SN,AS,shareera,1127,7,33,8,10,16,5,15,1,0,4,0,9,8,7
SN,AS,shareera,1128,7,37,9,10,16,5,15,1,0,5,0,9,9,7
SN,AS,shareera,1129,8,36,7,10,16,4,12,1,0,5,0,8,9,5
SN,AS,shareera,1130,8,36,6,10,12,4,12,1,0,5,0,9,11,5
SN,AS,shareera,1131,7,37,7,10,13,4,11,1,1,4,0,9,11,4
SN,AS,shareera,1132,7,36,6,10,15,3,11,1,2,4,0,9,10,4
SN,AS,shareera,1133,8,34,6,9,17,4,11,1,2,4,0,8,12,4
SN,AS,shareera,1134,9,38,8,10,17,4,13,1,2,4,0,8,13,4
SN,AS,shareera,1135,10,38,8,9,16,5,13,1,2,4,0,12,14,5
SN,AS,shareera,1136,14,36,8,9,17,6,11,1,2,4,0,12,14,6
SN,AS,shareera,1137,15,35,8,10,16,6,12,1,2,3,0,12,12,6
SN,AS,shareera,1138,18,36,8,10,18,6,13,1,2,3,0,13,13,6
SN,AS,shareera,1139,18,38,9,9,17,7,14,1,2,3,0,15,15,6
SN,AS,shareera,1140,18,37,11,9,19,8,14,1,2,2,0,15,15,6
SN,AS,shareera,1141,18,35,12,10,20,8,16,0,2,2,0,16,14,6
SN,AS,shareera,1142,19,32,13,10,19,8,17,0,2,2,0,17,15,7
SN,AS,shareera,1143,18,31,13,9,18,8,18,0,2,2,0,16,17,7
SN,AS,shareera,1144,18,29,15,8,19,8,20,0,2,2,0,16,19,7
SN,AS,shareera,1145,18,29,17,8,21,7,20,0,2,2,0,15,19,6
SN,AS,shareera,1146,19,28,18,7,22,7,22,0,2,3,0,16,19,6
SN,AS,shareera,1147,20,27,20,7,22,8,23,0,2,2,0,16,19,6
SN,AS,shareera,1148,21,27,20,8,22,7,23,0,2,2,0,16,19,6
SN,AS,shareera,1149,21,27,21,8,22,7,26,0,2,2,0,16,19,6
SN,AS,shareera,1150,20,26,22,7,22,8,26,0,2,2,0,17,19,6
SN,AS,shareera,1151,20,25,22,7,22,7,25,0,2,3,0,16,19,6
SN,AS,shareera,1152,21,24,23,6,25,7,25,0,2,3,0,15,20,6
SN,AS,shareera,1153,21,20,23,7,24,7,25,0,2,2,0,15,19,6
SN,AS,shareera,1154,20,20,23,7,24,7,25,0,2,3,0,16,18,6
SN,AS,shareera,1155,19,20,23,7,26,7,25,0,2,4,0,15,16,6
SN,AS,shareera,1156,19,22,23,7,24,7,26,1,1,4,0,16,16,6
SN,AS,shareera,1157,19,23,23,7,23,7,30,1,0,4,0,16,16,7
SN,AS,shareera,1158,18,24,23,7,21,6,32,1,0,4,0,16,15,7
SN,AS,shareera,1159,17,20,23,7,20,6,30,1,0,4,0,15,14,7
SN,AS,shareera,1160,16,20,24,8,20,5,29,1,0,4,0,12,14,6
SN,AS,shareera,1161,12,20,24,8,19,4,30,1,0,5,0,12,14,5
SN,AS,shareera,1162,13,21,24,7,20,5,30,1,0,5,0,12,14,5
SN,AS,shareera,1163,9,18,24,7,19,5,30,1,0,5,0,11,13,5
SN,AS,shareera,1164,9,17,22,7,19,4,31,1,0,5,0,9,12,5
SN,AS,shareera,1165,9,17,21,7,17,3,34,1,0,6,0,8,12,4
SN,AS,shareera,1166,9,16,20,7,16,3,33,1,0,6,0,8,12,4
SN,AS,shareera,1167,9,15,20,6,16,3,33,1,0,7,0,7,11,3
SN,AS,shareera,1168,9,15,20,7,15,3,32,1,0,7,0,7,9,3
SN,AS,shareera,1169,9,15,18,7,14,3,30,1,0,7,0,8,7,3
SN,AS,shareera,1170,9,16,16,7,14,3,30,1,0,7,0,8,6,4
SN,AS,shareera,1171,8,15,15,7,15,3,29,1,0,7,0,9,6,4
SN,AS,shareera,1172,7,15,13,8,15,2,29,1,0,7,0,10,6,4
SN,AS,shareera,1173,5,13,13,7,16,3,27,1,0,7,0,10,6,4
SN,AS,shareera,1174,6,14,12,6,16,3,26,1,0,7,0,9,7,4
SN,AS,shareera,1175,6,14,11,7,16,2,25,1,0,7,0,10,7,3
SN,AS,shareera,1176,7,14,12,7,19,2,25,1,0,6,0,10,7,3
SN,AS,shareera,1177,6,17,11,8,16,2,25,1,0,6,0,12,8,3
SN,AS,shareera,1178,7,20,10,7,17,2,26,2,0,6,0,13,9,3
SN,AS,shareera,1179,7,19,11,7,17,2,26,2,0,5,0,12,10,3
SN,AS,shareera,1180,8,20,12,8,16,2,28,2,0,4,0,12,12,3
SN,AS,shareera,1181,8,17,11,8,17,2,27,1,0,4,0,12,12,3
SN,AS,shareera,1182,7,16,12,8,17,2,24,1,0,4,1,12,14,2
SN,AS,shareera,1183,7,16,13,9,19,2,23,1,0,4,1,12,13,2
SN,AS,shareera,1184,7,16,11,8,20,2,23,1,0,4,2,12,13,4
SN,AS,shareera,1185,7,17,11,8,21,2,23,1,0,4,2,12,12,4
SN,AS,shareera,1186,7,19,11,9,22,2,22,1,0,3,2,12,14,4
SN,AS,shareera,1187,6,18,11,9,22,1,20,1,0,4,2,12,14,3
SN,AS,shareera,1188,6,19,11,9,22,1,21,1,0,5,2,12,15,3
SN,AS,shareera,1189,6,18,11,9,21,1,19,1,0,5,2,12,14,3
SN,AS,shareera,1190,6,18,12,9,21,1,16,1,0,4,2,14,16,4
SN,AS,shareera,1191,7,20,15,8,27,1,16,1,0,4,2,14,20,5
SN,AS,shareera,1192,7,23,16,8,28,1,18,2,0,3,2,14,20,6
SN,AS,shareera,1193,7,23,17,7,29,1,20,3,0,3,2,14,20,8
SN,AS,shareera,1194,7,24,19,7,29,1,20,3,0,3,2,15,24,10
SN,AS,shareera,1195,8,27,22,8,31,1,22,3,0,3,2,16,25,11
SN,AS,shareera,1196,10,29,22,8,34,1,26,3,0,2,2,16,26,13
SN,AS,shareera,1197,11,29,23,7,35,1,25,3,0,2,2,16,26,13
SN,AS,shareera,1198,12,30,23,7,36,0,26,3,0,2,2,16,27,13
SN,AS,shareera,1199,12,31,23,7,37,0,24,4,0,2,2,17,27,13
SN,AS,shareera,1200,12,34,25,6,40,0,28,4,0,2,2,15,29,17
SN,AS,shareera,1201,11,35,24,6,39,0,27,4,1,2,2,15,29,17
SN,AS,shareera,1202,12,33,25,5,39,0,27,5,1,2,2,14,27,18
SN,AS,shareera,1203,12,31,26,5,40,0,25,4,1,2,2,14,28,19
SN,AS,shareera,1204,12,32,25,6,40,0,25,4,1,2,2,15,27,19
SN,AS,shareera,1205,11,31,25,6,40,0,24,4,1,2,2,15,26,19
SN,AS,shareera,1206,11,31,25,7,40,0,24,4,1,2,2,14,26,19
SN,AS,shareera,1207,11,31,25,7,42,0,24,4,1,2,1,16,25,19
SN,AS,shareera,1208,13,32,24,6,42,0,23,4,2,2,1,16,26,19
SN,AS,shareera,1209,13,32,24,6,41,0,23,4,2,2,1,16,27,17
SN,AS,shareera,1210,15,33,26,5,42,0,25,4,2,3,1,18,29,18
SN,AS,shareera,1211,17,32,26,4,41,0,26,4,2,3,1,18,27,18
SN,AS,shareera,1212,17,33,26,4,41,0,26,4,2,2,1,18,29,18
SN,AS,shareera,1213,17,33,26,5,40,0,25,4,2,1,1,18,29,18
SN,AS,shareera,1214,18,32,27,5,40,0,26,4,2,1,1,20,31,18
SN,AS,shareera,1215,18,32,26,5,42,0,27,4,2,1,1,20,29,17
SN,AS,shareera,1216,18,32,24,5,39,0,28,5,2,1,1,19,26,17
SN,AS,shareera,1217,17,30,23,5,39,0,25,4,2,1,1,19,26,16
SN,AS,shareera,1218,17,31,22,5,38,0,22,3,2,1,1,19,26,14
SN,AS,shareera,1219,18,32,21,5,39,0,23,3,2,1,1,17,22,13
SN,AS,shareera,1220,18,30,18,4,35,0,22,4,2,1,1,16,22,11
SN,AS,shareera,1221,16,30,17,4,30,0,18,4,2,1,2,14,22,9
SN,AS,shareera,1222,16,32,17,4,33,0,19,4,2,1,2,13,26,9
SN,AS,shareera,1223,16,31,18,4,32,0,19,5,2,1,2,13,26,9
SN,AS,shareera,1224,15,29,17,4,31,0,20,4,2,1,2,12,26,9
SN,AS,shareera,1225,15,25,15,4,28,0,16,4,2,1,2,12,26,5
SN,AS,shareera,1226,16,24,15,5,26,0,19,4,1,1,2,12,25,5
SN,AS,shareera,1227,15,23,15,5,26,0,21,3,1,1,2,11,27,4
SN,AS,shareera,1228,14,22,15,5,24,0,21,3,1,1,3,10,25,3
SN,AS,shareera,1229,14,22,15,4,27,0,21,4,1,1,3,9,24,3
SN,AS,shareera,1230,14,23,15,4,28,0,20,4,1,1,3,10,23,3
SN,AS,shareera,1231,14,23,16,4,29,0,21,4,1,1,3,10,24,3
SN,AS,shareera,1232,14,24,16,4,28,0,20,5,1,1,3,8,24,3
SN,AS,shareera,1233,12,23,17,5,27,0,20,5,0,1,3,9,24,3
SN,AS,shareera,1234,13,23,18,6,28,0,21,5,0,1,2,9,24,3
SN,AS,shareera,1235,12,22,16,7,27,0,19,5,0,0,2,6,22,2
SN,AS,shareera,1236,11,21,17,8,28,0,18,5,0,0,2,6,24,2
SN,AS,shareera,1237,10,20,19,9,27,0,20,5,0,0,2,6,23,2
SN,AS,shareera,1238,12,20,20,9,27,0,19,5,0,0,2,7,22,2
SN,AS,shareera,1239,12,20,21,9,27,0,18,6,0,0,2,6,21,2
SN,AS,shareera,1240,13,20,21,9,25,0,18,7,0,0,2,5,21,2
SN,AS,shareera,1241,13,18,21,10,24,0,16,6,0,0,2,5,21,1
SN,AS,shareera,1242,13,17,21,11,24,0,17,6,0,0,2,5,23,1
SN,AS,shareera,1243,13,16,22,11,25,0,17,6,0,0,2,5,23,1
SN,AS,shareera,1244,12,14,21,12,26,0,17,6,0,0,2,5,23,1
SN,AS,shareera,1245,12,14,21,12,26,1,16,5,0,0,2,5,23,1
SN,AS,shareera,1246,13,13,22,12,27,1,15,5,0,0,1,6,24,1
SN,AS,shareera,1247,14,14,26,13,27,1,20,5,0,0,1,8,25,2
SN,AS,shareera,1248,14,17,26,14,28,1,19,4,0,0,1,9,27,3
SN,AS,shareera,1249,17,19,26,14,28,1,18,4,0,0,1,9,26,3
SN,AS,shareera,1250,18,21,27,14,27,2,18,4,0,0,1,10,24,3
SN,AS,shareera,1251,18,21,27,13,29,2,15,4,0,0,1,10,27,5
SN,AS,shareera,1252,18,22,26,13,29,2,13,4,0,0,1,12,25,5
SN,AS,shareera,1253,19,22,25,13,29,2,13,5,0,0,0,13,25,5
SN,AS,shareera,1254,19,22,25,14,26,2,13,4,0,0,0,13,25,5
SN,AS,shareera,1255,20,21,24,13,24,2,13,4,0,0,1,12,28,5
SN,AS,shareera,1256,21,21,23,12,24,2,13,4,0,0,1,13,30,5
SN,AS,shareera,1257,21,21,23,12,22,2,13,3,0,1,1,13,30,5
SN,AS,shareera,1258,21,20,22,11,23,2,14,3,0,1,1,13,29,5
SN,AS,shareera,1259,20,20,22,10,22,2,15,3,0,1,1,13,28,5
SN,AS,shareera,1260,21,19,21,9,21,2,16,3,0,2,1,14,30,5
SN,AS,shareera,1261,21,20,20,8,20,2,18,3,0,2,2,16,29,5
SN,AS,shareera,1262,22,21,18,7,20,2,16,3,0,2,3,16,28,5
SN,AS,shareera,1263,21,22,17,6,22,2,16,3,1,2,3,16,30,6
SN,AS,shareera,1264,21,26,16,6,23,2,18,2,1,2,3,19,29,6
SN,AS,shareera,1265,24,34,24,6,31,2,19,1,2,2,3,23,31,11
SN,AS,shareera,1266,23,34,23,5,29,2,19,1,2,2,3,23,30,12
SN,AS,shareera,1267,25,35,23,5,29,2,18,1,2,2,3,24,28,13
SN,AS,shareera,1268,27,36,23,6,29,2,18,1,2,2,3,25,28,14
SN,AS,shareera,1269,29,37,24,6,27,2,17,1,2,2,3,26,28,14
SN,AS,shareera,1270,30,36,25,6,28,1,17,2,2,2,3,27,27,15
SN,AS,shareera,1271,33,42,26,6,31,1,21,2,3,2,3,30,30,22
SN,AS,shareera,1272,31,39,21,5,27,1,15,2,3,2,3,28,25,22
SN,AS,shareera,1273,30,38,20,4,25,1,15,2,3,2,3,31,22,23
SN,AS,shareera,1274,27,37,20,4,25,1,15,2,3,2,3,36,22,25
SN,AS,shareera,1275,26,37,19,5,28,0,15,2,3,2,3,35,24,25
SN,AS,shareera,1276,25,39,19,5,29,0,15,3,3,2,3,35,23,23
SN,AS,shareera,1277,33,45,28,5,36,0,21,4,3,2,3,37,32,27
SN,AS,shareera,1278,32,45,28,5,36,0,21,3,3,2,3,36,32,28
SN,AS,shareera,1279,32,44,27,4,40,0,25,3,3,2,3,36,32,28
SN,AS,shareera,1280,31,44,27,4,44,0,29,3,3,2,2,36,29,28
SN,AS,shareera,1281,30,46,29,5,43,0,28,3,3,2,2,36,27,28
SN,AS,shareera,1282,30,47,29,5,44,0,28,4,3,1,2,37,28,28
SN,AS,shareera,1283,30,48,29,6,42,0,28,4,3,1,2,38,28,29
SN,AS,shareera,1284,31,48,29,6,42,0,27,4,3,1,2,39,28,30
SN,AS,shareera,1285,31,48,29,7,43,0,27,4,3,0,2,38,27,30
SN,AS,shareera,1286,30,47,30,7,44,1,25,4,3,0,1,37,26,30
SN,AS,shareera,1287,31,46,31,7,45,1,26,4,3,1,0,39,27,30
SN,AS,shareera,1288,32,45,33,7,44,2,26,4,2,1,0,38,27,29
SN,AS,shareera,1289,33,41,33,7,43,2,25,5,2,1,0,35,28,29
SN,AS,shareera,1290,32,34,25,7,35,2,23,5,1,1,0,30,27,24
SN,AS,shareera,1291,32,34,25,8,36,2,25,5,1,1,0,31,29,23
SN,AS,shareera,1292,31,33,28,8,37,2,25,5,1,1,0,30,30,23
SN,AS,shareera,1293,29,32,27,7,38,2,27,5,1,1,0,30,31,23
SN,AS,shareera,1294,29,31,26,6,40,2,27,5,2,1,0,31,35,23
SN,AS,shareera,1295,28,30,27,7,39,2,27,4,2,1,0,30,36,22
SN,AS,shareera,1296,24,23,25,7,35,2,23,4,1,2,0,27,32,15
SN,AS,shareera,1297,24,26,27,7,36,2,24,5,1,2,0,29,33,16
SN,AS,shareera,1298,25,25,27,8,36,2,25,5,1,2,0,26,35,14
SN,AS,shareera,1299,28,26,28,8,39,2,27,5,1,2,1,21,36,12
SN,AS,shareera,1300,28,24,29,7,37,2,28,5,1,2,1,21,35,12
SN,AS,shareera,1301,28,22,29,7,36,2,29,4,1,2,1,21,33,12
SN,AS,shareera,1302,20,15,20,7,30,2,23,3,1,3,1,17,24,8
SN,AS,shareera,1303,20,15,20,8,30,2,24,3,1,3,1,17,24,7
SN,AS,shareera,1304,20,16,20,9,28,2,20,3,1,3,1,19,24,7
SN,AS,shareera,1305,20,17,20,9,26,2,17,3,1,3,2,19,24,7
SN,AS,shareera,1306,21,16,20,8,28,2,17,4,1,3,2,18,24,7
SN,AS,shareera,1307,22,14,19,8,28,2,17,3,1,3,3,20,23,7
SN,AS,shareera,1308,22,13,19,7,30,2,16,3,1,3,3,18,23,6
SN,AS,shareera,1309,21,15,18,7,31,2,16,4,1,3,3,17,24,6
SN,AS,shareera,1310,21,15,20,6,33,2,19,4,1,3,3,18,24,10
SN,AS,shareera,1311,22,18,20,6,33,1,20,4,1,3,3,20,28,13
SN,AS,shareera,1312,21,19,21,6,37,1,21,4,1,2,3,19,32,13
SN,AS,shareera,1313,19,18,19,6,36,0,22,4,1,2,3,19,31,13
SN,AS,shareera,1314,17,19,19,7,39,0,21,3,1,2,3,18,30,13
SN,AS,shareera,1315,15,18,19,7,40,0,21,4,1,2,3,19,29,13
SN,AS,shareera,1316,16,19,20,6,41,0,19,4,1,2,3,18,27,13
SN,AS,shareera,1317,16,19,18,5,39,0,20,4,1,3,3,19,28,12
SN,AS,shareera,1318,16,19,21,6,38,0,18,4,1,3,3,20,29,12
SN,AS,shareera,1319,14,19,21,6,35,0,18,4,0,3,3,18,25,12
SN,AS,shareera,1320,13,20,20,6,37,0,18,4,0,3,3,19,24,12
SN,AS,shareera,1321,13,22,21,7,38,0,18,4,0,2,3,18,24,12
SN,AS,shareera,1322,13,19,19,7,37,0,17,4,0,2,3,18,23,11
SN,AS,shareera,1323,13,18,20,6,37,0,16,4,0,2,3,18,22,11
SN,AS,shareera,1324,10,16,20,7,34,0,15,4,0,2,2,19,22,11
SN,AS,shareera,1325,10,17,21,7,33,0,14,4,0,2,2,20,21,12
SN,AS,shareera,1326,11,17,22,7,31,0,15,4,0,2,2,22,22,12
SN,AS,shareera,1327,11,19,23,7,30,0,15,5,0,1,2,22,23,12
SN,AS,shareera,1328,11,20,23,6,30,0,14,5,0,1,2,22,23,12
SN,AS,shareera,1329,13,22,26,5,33,0,14,6,0,1,2,20,26,13
SN,AS,shareera,1330,14,23,28,5,34,0,14,6,0,1,1,21,29,14
SN,AS,shareera,1331,13,22,26,5,31,0,14,5,0,1,1,21,28,15
SN,AS,shareera,1332,12,24,28,5,32,0,16,5,0,1,0,21,29,18
SN,AS,shareera,1333,12,24,28,5,30,0,18,5,0,2,0,22,30,18
SN,AS,shareera,1334,16,28,31,5,36,0,22,4,0,2,1,23,35,19
SN,AS,shareera,1335,14,27,29,5,33,0,18,4,0,3,1,23,35,15
SN,AS,shareera,1336,14,24,28,5,33,0,17,4,0,3,1,20,31,12
SN,AS,shareera,1337,14,24,28,5,31,0,20,4,0,4,1,19,28,12
SN,AS,shareera,1338,16,28,32,5,33,0,19,4,0,4,2,21,27,14
SN,AS,shareera,1339,16,27,31,4,31,0,20,4,0,4,2,21,28,14
SN,AS,shareera,1340,16,26,30,4,31,0,21,3,0,4,2,20,28,14
SN,AS,shareera,1341,15,25,29,4,31,0,21,3,0,4,3,20,29,14
SN,AS,shareera,1342,15,25,27,4,31,0,21,4,0,3,3,19,27,14
SN,AS,shareera,1343,15,26,25,3,30,0,21,4,0,4,3,17,25,14
SN,AS,shareera,1344,15,26,25,3,30,0,22,4,0,4,4,17,25,13
SN,AS,shareera,1345,15,26,24,2,28,0,23,4,0,4,4,17,26,13
SN,AS,shareera,1346,15,24,23,1,28,0,25,4,0,4,4,18,26,13
SN,AS,shareera,1347,15,24,24,1,28,1,25,3,0,4,4,16,27,12
SN,AS,shareera,1348,14,25,23,1,28,2,25,3,0,4,4,15,26,13
SN,AS,shareera,1349,15,25,22,0,30,2,25,3,0,4,4,14,25,13
SN,AS,shareera,1350,15,25,20,1,30,2,25,3,0,4,4,13,26,12
SN,AS,shareera,1351,14,25,19,1,31,2,23,3,0,5,4,11,26,12
SN,AS,shareera,1352,14,24,18,1,31,3,23,2,0,5,4,12,25,12
SN,AS,shareera,1353,15,24,18,1,31,3,23,2,0,6,4,12,25,12
SN,AS,shareera,1354,14,21,15,1,26,4,24,1,0,6,4,12,25,11
SN,AS,shareera,1355,14,20,13,1,23,4,23,1,0,6,4,11,22,10
SN,AS,shareera,1356,14,21,13,1,24,4,23,1,0,6,5,11,22,9
SN,AS,shareera,1357,14,19,11,2,23,4,21,1,0,6,5,8,20,6
SN,AS,shareera,1358,14,20,11,3,23,4,19,1,0,5,5,8,19,6
SN,AS,shareera,1359,10,14,9,3,16,4,14,1,0,6,4,8,13,4
SN,AS,shareera,1360,10,15,9,4,16,4,15,1,0,5,4,7,12,4
SN,AS,shareera,1361,9,16,9,4,15,4,15,1,0,5,4,7,15,4
SN,AS,shareera,1362,9,17,7,4,12,5,11,1,0,4,4,7,13,4
SN,AS,shareera,1363,7,14,4,4,11,5,11,1,0,5,3,5,13,2
SN,AS,shareera,1364,8,14,5,5,11,5,12,1,0,5,3,5,12,3
SN,AS,shareera,1365,7,16,5,5,10,6,11,1,0,5,3,5,14,4
SN,AS,shareera,1366,7,16,5,5,8,6,12,1,0,5,2,5,14,4
SN,AS,shareera,1367,9,17,6,6,9,6,11,0,0,5,2,6,14,4
SN,AS,shareera,1368,10,16,5,6,11,6,12,0,0,4,2,7,14,3
SN,AS,shareera,1369,11,17,6,6,12,6,11,0,0,4,1,7,15,3
SN,AS,shareera,1370,11,18,6,7,13,6,10,0,0,4,1,6,14,3
SN,AS,shareera,1371,12,18,7,7,13,6,9,0,0,4,1,5,14,3
SN,AS,shareera,1372,13,18,7,7,15,5,9,0,1,4,1,6,13,3
SN,AS,shareera,1373,14,18,8,8,15,4,9,0,1,4,1,7,14,2
SN,AS,shareera,1374,15,18,8,8,13,5,10,0,1,4,1,7,14,2
SN,AS,shareera,1375,15,17,9,7,14,5,10,0,1,5,1,10,13,3
SN,AS,shareera,1376,16,18,10,7,14,5,12,0,1,4,2,10,12,3
SN,AS,shareera,1377,17,19,13,7,16,4,13,0,1,5,2,13,13,7
SN,AS,shareera,1378,16,19,13,8,16,4,13,0,1,4,2,15,14,7
SN,AS,shareera,1379,15,20,14,9,17,3,12,0,1,4,2,16,12,7
SN,AS,shareera,1380,14,20,15,10,19,3,15,0,1,4,2,17,12,7
SN,AS,shareera,1381,14,19,16,11,19,3,15,0,1,4,1,17,12,9
SN,AS,shareera,1382,14,19,18,10,18,3,15,0,1,5,1,17,13,9
SN,AS,shareera,1383,14,20,18,9,18,3,15,0,1,5,1,16,14,9
SN,AS,shareera,1384,14,22,18,9,18,3,16,0,1,4,1,15,14,9
SN,AS,shareera,1385,15,23,18,8,18,3,18,0,1,4,1,16,14,9
SN,AS,shareera,1386,15,24,19,8,19,3,18,0,1,4,1,16,11,9
SN,AS,shareera,1387,14,23,23,8,19,2,18,0,1,5,1,16,11,13
SN,AS,shareera,1388,16,23,22,8,19,2,19,0,1,4,1,16,11,13
SN,AS,shareera,1389,15,23,22,7,20,2,19,0,1,4,1,16,11,12
SN,AS,shareera,1390,15,21,23,7,20,1,19,0,1,5,1,16,9,12
SN,AS,shareera,1391,15,21,23,8,21,1,18,0,1,5,1,16,9,12
SN,AS,shareera,1392,13,20,23,7,20,2,19,0,1,5,1,15,9,12
SN,AS,shareera,1393,12,21,24,7,19,2,18,0,1,5,1,14,9,12
SN,AS,shareera,1394,11,22,23,8,18,2,18,0,1,5,1,14,8,12
SN,AS,shareera,1395,11,21,24,7,17,2,19,1,1,5,1,14,8,12
SN,AS,shareera,1396,10,21,24,7,17,2,18,2,1,5,1,14,8,12
SN,AS,shareera,1397,9,21,23,7,17,2,18,3,0,5,1,13,8,12
SN,AS,shareera,1398,8,21,23,6,17,2,18,3,0,5,1,12,8,12
SN,AS,shareera,1399,6,21,23,6,18,1,17,4,0,5,1,12,8,12
SN,AS,shareera,1400,7,21,22,6,19,1,18,5,0,4,1,9,8,11
SN,AS,shareera,1401,7,20,21,6,20,1,16,5,0,4,1,9,8,11
SN,AS,shareera,1402,6,19,18,6,18,1,17,5,0,3,1,5,8,7
SN,AS,shareera,1403,7,20,18,5,18,1,18,5,0,3,1,3,7,7
SN,AS,shareera,1404,7,23,19,4,18,2,19,5,0,3,1,3,7,7
SN,AS,shareera,1405,7,24,19,3,17,2,17,5,0,3,1,3,7,7
SN,AS,shareera,1406,8,25,18,2,16,2,18,6,0,3,1,3,8,6
SN,AS,shareera,1407,10,25,17,2,16,2,18,6,0,2,1,3,7,7
SN,AS,shareera,1408,12,26,17,2,16,2,20,6,0,2,2,3,6,9
SN,AS,shareera,1409,13,25,17,3,17,2,19,6,0,2,2,4,6,9
SN,AS,shareera,1410,12,24,18,4,19,2,17,6,0,2,2,3,6,9
SN,AS,shareera,1411,14,22,18,5,18,2,17,6,0,2,2,3,8,9
SN,AS,shareera,1412,14,24,15,6,19,2,16,6,0,1,2,3,8,5
SN,AS,shareera,1413,13,23,16,7,19,2,16,6,0,1,2,4,8,5
SN,AS,shareera,1414,13,26,16,8,17,2,15,6,0,1,2,4,8,5
SN,AS,shareera,1415,14,27,17,9,18,2,15,6,0,0,2,4,8,4
SN,AS,shareera,1416,14,29,19,9,18,2,15,6,0,0,2,4,7,4
SN,AS,shareera,1417,13,29,18,10,18,1,15,6,0,0,2,4,7,5
SN,AS,shareera,1418,13,28,17,10,19,1,17,6,0,1,2,4,7,6
SN,AS,shareera,1419,14,28,17,9,19,2,17,6,0,1,2,4,8,6
SN,AS,shareera,1420,15,31,18,9,22,2,21,6,0,1,2,5,12,9
SN,AS,shareera,1421,15,32,17,10,21,2,23,5,0,1,2,5,11,9
SN,AS,shareera,1422,16,33,17,11,23,2,23,4,0,1,2,5,12,10
SN,AS,shareera,1423,16,32,17,12,24,2,23,4,0,1,2,5,12,10
SN,AS,shareera,1424,17,32,18,12,24,2,22,3,0,1,2,6,14,10
SN,AS,shareera,1425,17,33,19,12,22,2,22,2,0,1,2,7,16,11
SN,AS,shareera,1426,19,36,23,12,26,2,24,3,0,1,1,11,16,12
SN,AS,shareera,1427,19,35,23,12,26,2,23,3,0,1,2,11,16,12
SN,AS,shareera,1428,18,36,24,12,28,2,22,4,0,1,2,11,16,13
SN,AS,shareera,1429,18,33,23,12,29,1,22,4,0,2,2,10,16,14
SN,AS,shareera,1430,18,33,22,12,29,2,21,4,0,2,2,10,17,16
SN,AS,shareera,1431,18,33,23,12,30,2,21,3,0,3,2,10,16,15
SN,AS,shareera,1432,16,33,24,12,33,2,22,4,0,3,2,10,16,14
SN,AS,shareera,1433,14,30,24,12,35,3,20,4,0,3,1,11,18,12
SN,AS,shareera,1434,13,29,24,12,34,3,20,4,0,3,1,10,19,12
SN,AS,shareera,1435,13,29,25,11,34,3,19,4,0,3,1,10,21,12
SN,AS,shareera,1436,11,30,24,10,35,4,20,4,0,3,1,10,19,12
SN,AS,shareera,1437,12,27,23,10,34,4,20,4,0,3,1,11,19,12
SN,AS,shareera,1438,11,27,23,9,33,4,19,4,0,4,1,10,19,12
SN,AS,shareera,1439,11,25,23,8,35,4,21,4,0,4,1,10,19,12
SN,AS,shareera,1440,10,24,23,7,35,4,22,4,0,4,1,13,20,12
SN,AS,shareera,1441,11,26,22,7,34,4,22,4,0,4,1,13,21,12
SN,AS,shareera,1442,11,30,22,6,39,5,21,4,0,4,1,14,23,11
SN,AS,shareera,1443,11,31,22,6,39,5,22,4,0,4,1,16,23,10
SN,AS,shareera,1444,13,32,26,6,44,4,28,4,0,4,1,20,27,11
SN,AS,shareera,1445,15,30,25,6,41,4,25,3,0,4,1,20,24,8
SN,AS,shareera,1446,16,29,25,6,44,4,24,3,0,4,1,20,26,8
SN,AS,shareera,1447,16,30,25,5,42,4,26,4,0,4,1,20,27,7
SN,AS,shareera,1448,16,32,25,5,46,4,27,4,0,4,1,20,27,7
SN,AS,shareera,1449,16,33,24,5,47,4,27,4,0,4,1,19,27,8
SN,AS,shareera,1450,15,33,23,5,47,4,27,4,0,5,1,19,27,7
SN,AS,shareera,1451,13,31,20,6,41,4,26,3,0,5,1,15,27,6
SN,AS,shareera,1452,13,32,20,7,41,4,26,3,0,5,0,15,26,6
SN,AS,shareera,1453,13,30,20,8,40,4,29,2,0,5,0,16,26,5
SN,AS,shareera,1454,15,30,20,9,38,4,29,2,0,4,0,17,26,4
SN,AS,shareera,1455,16,29,20,9,41,3,31,2,0,4,0,16,25,2
SN,AS,shareera,1456,15,28,19,9,41,3,30,2,1,3,0,16,26,2
SN,AS,shareera,1457,18,28,17,9,39,3,29,1,1,3,0,16,26,3
SN,AS,shareera,1458,18,29,17,9,40,2,29,1,1,3,0,15,26,3
SN,AS,shareera,1459,19,30,16,8,40,2,29,1,1,4,0,15,27,3
SN,AS,shareera,1460,19,30,15,8,41,2,29,1,1,4,0,15,26,4
SN,AS,shareera,1461,19,30,16,8,42,1,28,2,1,4,0,17,28,6
SN,AS,shareera,1462,18,31,18,8,46,1,28,2,1,4,0,17,29,6
SN,AS,shareera,1463,19,33,20,9,49,1,30,2,1,3,0,20,30,7
SN,AS,shareera,1464,20,32,19,9,49,2,29,2,1,3,0,21,31,7
SN,AS,shareera,1465,20,33,17,9,49,2,28,2,1,3,0,19,30,7
SN,AS,shareera,1466,19,29,16,8,49,2,28,2,1,3,1,19,29,8
SN,AS,shareera,1467,19,26,17,9,46,1,28,2,1,3,1,18,28,8
SN,AS,shareera,1468,19,26,18,9,45,1,26,3,1,2,1,16,29,8
SN,AS,shareera,1469,16,25,15,10,41,1,20,3,1,2,1,12,25,7
SN,AS,shareera,1470,15,24,15,11,42,1,18,3,1,2,1,11,24,7
SN,AS,shareera,1471,15,26,16,11,39,1,18,3,1,2,1,11,22,7
SN,AS,shareera,1472,14,24,17,12,37,1,17,2,1,2,1,12,22,7
SN,AS,shareera,1473,15,23,17,12,33,1,16,2,1,2,1,12,22,7
SN,AS,shareera,1474,14,23,18,13,34,1,16,2,1,2,1,12,20,6
SN,AS,shareera,1475,14,23,19,14,36,1,15,2,1,1,1,11,19,6
SN,AS,shareera,1476,13,23,19,13,38,1,14,3,1,1,1,11,20,6
SN,AS,shareera,1477,13,24,20,13,40,1,13,3,1,1,1,11,20,6
SN,AS,shareera,1478,13,25,20,12,39,1,11,4,1,1,1,10,21,6
SN,AS,shareera,1479,11,25,20,12,39,1,12,4,1,1,1,10,20,6
SN,AS,shareera,1480,10,24,21,13,37,1,10,4,1,1,1,11,21,6
SN,AS,shareera,1481,10,24,22,13,38,1,10,5,0,1,1,11,22,6
SN,AS,shareera,1482,7,24,23,13,39,1,12,6,0,1,1,11,22,5
SN,AS,shareera,1483,7,24,25,14,37,1,12,6,0,1,1,11,21,5
SN,AS,shareera,1484,7,25,26,15,37,1,12,6,0,0,1,12,19,5
SN,AS,shareera,1485,7,24,27,16,35,1,12,6,0,0,1,13,19,4
SN,AS,shareera,1486,7,25,28,17,34,1,12,5,0,0,1,11,17,2
SN,AS,shareera,1487,7,25,27,17,32,1,12,5,0,0,1,11,16,2
SN,AS,shareera,1488,7,24,26,17,30,1,10,5,0,0,1,8,15,1
SN,AS,shareera,1489,6,24,27,18,29,0,9,5,0,0,1,8,15,1
SN,AS,shareera,1490,6,24,28,19,30,0,9,5,0,0,1,7,16,1
SN,AS,shareera,1491,7,25,29,20,32,0,9,5,0,0,0,7,16,0
SN,AS,shareera,1492,7,25,30,20,31,0,10,5,0,0,0,7,15,0
SN,AS,shareera,1493,7,24,29,21,30,0,10,4,0,0,0,7,14,1
SN,AS,shareera,1494,8,23,28,20,32,0,11,4,0,0,0,7,13,1
SN,AS,shareera,1495,7,24,27,19,31,1,11,4,0,0,0,7,14,1
SN,AS,shareera,1496,7,23,27,19,31,1,11,4,0,0,0,8,14,1
SN,AS,shareera,1497,8,24,27,19,32,1,11,4,0,0,0,7,12,1
SN,AS,shareera,1498,7,24,27,19,32,1,11,4,0,0,0,7,13,1
SN,AS,shareera,1499,7,23,29,19,30,1,11,4,0,0,0,8,13,1
SN,AS,shareera,1500,7,25,28,18,30,2,11,4,0,0,0,8,12,1
SN,AS,shareera,1501,8,25,28,18,29,2,11,4,0,0,0,9,11,1
SN,AS,shareera,1502,8,24,28,18,29,2,12,4,0,0,0,9,11,1
SN,AS,shareera,1503,9,23,29,19,29,2,11,3,0,0,0,9,11,1
SN,AS,shareera,1504,9,25,29,19,29,2,9,3,0,0,0,9,11,1
SN,AS,shareera,1505,9,26,30,19,27,2,10,3,0,0,0,8,11,1
SN,AS,shareera,1506,9,26,31,20,25,2,10,2,0,0,0,9,11,1
SN,AS,shareera,1507,10,26,31,21,25,2,9,1,0,0,0,9,11,1
SN,AS,shareera,1508,10,28,30,20,24,2,10,2,0,0,0,9,10,1
SN,AS,shareera,1509,10,27,30,20,25,2,10,2,0,0,0,8,11,1
SN,AS,shareera,1510,10,28,29,20,26,2,10,2,0,0,0,7,11,1
SN,AS,shareera,1511,11,27,28,20,26,2,10,2,0,0,0,7,12,1
SN,AS,shareera,1512,11,28,28,20,24,2,10,2,0,0,0,7,13,1
SN,AS,shareera,1513,10,29,28,19,24,2,10,3,0,0,0,7,13,1
SN,AS,shareera,1514,10,30,29,19,24,2,10,3,0,0,0,6,12,1
SN,AS,shareera,1515,12,29,29,18,22,2,10,4,0,0,0,6,13,1
SN,AS,shareera,1516,12,29,29,17,21,2,11,5,0,0,0,6,13,1
SN,AS,shareera,1517,13,28,28,17,23,2,10,5,0,0,0,6,13,1
SN,AS,shareera,1518,13,29,29,17,25,2,9,5,0,0,0,7,13,0
SN,AS,shareera,1519,12,30,30,17,23,2,8,6,0,0,0,8,13,0
SN,AS,shareera,1520,11,28,31,18,24,1,9,6,0,0,0,8,14,0
SN,AS,shareera,1521,11,27,31,18,25,1,10,6,0,0,0,7,14,0
SN,AS,shareera,1522,10,28,31,18,24,1,10,6,0,0,0,7,15,0
SN,AS,shareera,1523,10,27,31,18,25,1,11,6,0,0,0,7,14,0
SN,AS,shareera,1524,11,27,29,17,24,1,11,7,0,0,0,6,17,0
SN,AS,shareera,1525,13,24,31,17,23,0,11,8,0,0,0,6,17,0
SN,AS,shareera,1526,12,23,32,18,24,0,11,7,0,0,0,6,17,0
SN,AS,shareera,1527,12,23,32,18,22,0,11,7,0,0,0,7,18,0
SN,AS,shareera,1528,12,22,31,18,24,0,11,7,0,0,0,7,17,1
SN,AS,shareera,1529,13,19,31,18,24,0,13,7,0,0,0,7,17,1
SN,AS,shareera,1530,14,19,30,18,25,0,12,7,0,0,0,7,17,1
SN,AS,shareera,1531,14,19,29,18,25,0,13,7,0,0,0,7,17,1
SN,AS,shareera,1532,13,20,29,18,23,0,13,7,0,0,0,8,18,1
SN,AS,shareera,1533,14,17,29,19,26,0,12,6,0,0,0,8,18,1
SN,AS,shareera,1534,14,16,30,19,26,0,12,6,0,0,0,8,18,1
SN,AS,shareera,1535,14,17,30,19,25,0,12,6,0,0,0,9,17,1
SN,AS,shareera,1536,13,16,30,19,26,0,12,6,0,0,0,9,18,1
SN,AS,shareera,1537,15,14,30,19,28,0,12,6,0,0,0,8,17,1
SN,AS,shareera,1538,15,12,28,19,27,0,13,5,0,0,0,9,20,1
SN,AS,shareera,1539,15,12,27,19,28,0,12,5,0,0,0,10,20,1
SN,AS,shareera,1540,14,12,27,20,30,0,13,4,0,0,0,10,18,1
SN,AS,shareera,1541,14,13,27,21,30,0,12,3,0,0,0,10,18,1
SN,AS,shareera,1542,13,13,28,21,27,0,13,3,0,0,0,10,20,1
SN,AS,shareera,1543,13,13,29,21,27,0,13,3,0,0,0,9,20,1
SN,AS,shareera,1544,13,12,29,22,27,0,13,2,0,0,0,9,21,1
SN,AS,shareera,1545,13,14,30,21,27,0,12,3,0,0,0,9,19,1
SN,AS,shareera,1546,12,16,31,21,27,0,10,3,0,0,0,9,19,1
SN,AS,shareera,1547,13,14,31,21,28,0,10,3,0,0,0,10,18,1
SN,AS,shareera,1548,14,15,31,20,26,0,10,4,0,0,0,10,18,1
SN,AS,shareera,1549,15,16,32,21,26,0,10,3,0,0,0,10,15,1
SN,AS,shareera,1550,13,17,31,22,26,0,11,2,0,0,0,10,16,1
SN,AS,shareera,1551,15,17,31,22,25,0,11,2,0,0,0,9,16,1
SN,AS,shareera,1552,16,18,31,22,25,0,10,2,0,0,0,8,16,1
SN,AS,shareera,1553,15,18,31,22,23,0,13,2,0,0,0,9,16,0
SN,AS,shareera,1554,14,19,31,22,23,0,13,2,0,0,0,8,17,0
SN,AS,shareera,1555,14,18,32,22,22,0,14,2,0,0,0,9,16,0
SN,AS,shareera,1556,14,18,33,22,22,0,15,2,0,0,0,8,15,0
SN,AS,shareera,1557,15,18,35,22,22,0,14,2,0,0,0,7,14,0
SN,AS,shareera,1558,14,19,35,22,20,0,14,2,0,0,0,8,15,0
SN,AS,shareera,1559,14,19,34,22,22,0,14,2,0,0,0,8,14,0
SN,AS,shareera,1560,14,18,34,22,23,0,15,2,0,0,0,7,14,0
SN,AS,shareera,1561,15,18,34,22,23,0,15,2,0,0,0,7,13,0
SN,AS,shareera,1562,13,19,35,22,23,0,15,2,0,0,0,7,13,0
SN,AS,shareera,1563,13,19,35,23,23,0,16,2,0,0,0,6,10,0
SN,AS,shareera,1564,14,19,34,23,23,0,17,2,0,0,0,5,11,0
SN,AS,shareera,1565,14,21,33,22,21,1,16,2,0,0,0,5,12,0
SN,AS,shareera,1566,14,21,32,21,23,1,17,2,0,0,0,5,13,0
SN,AS,shareera,1567,14,24,30,20,24,1,17,2,0,0,0,7,11,0
SN,AS,shareera,1568,15,23,28,19,24,2,18,2,0,0,0,8,11,1
SN,AS,shareera,1569,17,25,27,18,24,2,19,2,0,1,0,7,11,1
SN,AS,shareera,1570,18,25,25,18,26,2,19,1,1,1,0,7,12,1
SN,AS,shareera,1571,18,24,23,17,25,3,19,1,1,1,0,9,12,1
SN,AS,shareera,1572,17,25,22,16,24,3,18,1,1,1,1,8,12,1
SN,AS,shareera,1573,17,24,21,17,24,3,17,0,1,1,1,8,11,1
SN,AS,shareera,1574,15,24,21,16,25,3,17,0,1,1,1,8,12,1
SN,AS,shareera,1575,15,24,20,15,26,3,18,1,1,1,1,10,11,1
SN,AS,shareera,1576,14,24,19,14,27,3,19,2,1,1,1,10,12,1
SN,AS,shareera,1577,14,25,18,13,27,4,21,2,1,1,1,11,11,1
SN,AS,shareera,1578,14,25,18,12,28,4,21,2,1,1,2,11,14,1
SN,AS,shareera,1579,14,26,17,11,29,4,19,2,1,1,2,12,14,1
SN,AS,shareera,1580,13,27,15,10,32,4,21,2,1,1,2,11,14,1
SN,AS,shareera,1581,14,27,13,9,32,4,19,2,1,1,3,11,13,3
SN,AS,shareera,1582,13,26,12,9,33,4,20,2,1,1,3,12,13,3
SN,AS,shareera,1583,13,27,12,9,34,4,20,2,1,1,3,11,12,3
SN,AS,shareera,1584,12,27,12,9,32,4,21,2,1,1,3,12,13,3
SN,AS,shareera,1585,12,26,13,9,32,4,21,2,1,1,3,12,13,3
SN,AS,shareera,1586,13,26,14,9,31,4,21,2,1,1,3,12,12,3
SN,AS,shareera,1587,13,27,14,9,30,4,21,2,1,1,3,12,12,3
SN,AS,shareera,1588,13,28,15,9,31,4,20,2,1,1,3,13,12,3
SN,AS,shareera,1589,12,28,16,9,29,4,20,2,1,1,3,15,11,3
SN,AS,shareera,1590,11,29,17,9,29,3,21,3,1,1,3,15,10,3
SN,AS,shareera,1591,10,29,18,10,27,3,21,3,1,1,3,15,9,3
SN,AS,shareera,1592,10,28,19,11,28,3,20,3,1,1,3,13,9,3
SN,AS,shareera,1593,10,29,20,12,28,2,19,3,1,1,3,12,9,2
SN,AS,shareera,1594,9,26,21,13,29,2,18,3,1,0,3,13,8,2
SN,AS,shareera,1595,8,26,23,14,27,2,18,3,0,0,3,13,7,2
SN,AS,shareera,1596,8,25,25,15,28,1,18,3,0,0,3,11,9,2
SN,AS,shareera,1597,8,25,27,16,30,1,18,3,0,0,2,11,9,2
SN,AS,shareera,1598,7,26,28,16,30,1,19,3,0,0,2,12,10,2
SN,AS,shareera,1599,8,26,27,17,30,1,20,3,0,0,2,12,9,2
SN,AS,shareera,1600,8,27,29,18,28,1,19,2,0,0,2,10,9,2
SN,AS,shareera,1601,8,27,30,19,27,1,18,1,0,0,2,11,8,2
SN,AS,shareera,1602,8,26,31,20,27,0,17,1,0,0,2,10,8,2
SN,AS,shareera,1603,9,28,31,21,26,0,14,1,0,0,1,10,5,2
SN,AS,shareera,1604,9,28,32,22,25,0,16,1,0,0,1,9,4,2
SN,AS,shareera,1605,9,29,33,23,24,0,13,1,0,0,1,9,4,2
SN,AS,shareera,1606,9,31,34,24,25,0,13,1,0,0,0,9,4,0
SN,AS,shareera,1607,9,34,33,24,24,0,13,1,0,0,0,8,4,0
SN,AS,shareera,1608,9,34,33,24,23,0,14,1,0,0,0,8,4,0
SN,AS,shareera,1609,9,35,33,24,22,0,15,1,0,0,0,8,3,0
SN,AS,shareera,1610,9,35,32,24,21,0,16,1,0,0,0,9,3,0
SN,AS,shareera,1611,8,36,31,24,20,0,16,1,0,0,0,10,4,0
SN,AS,shareera,1612,9,35,30,24,21,0,16,1,0,0,0,10,4,0
SN,AS,shareera,1613,9,36,30,24,20,0,16,1,0,0,0,9,5,0
SN,AS,shareera,1614,9,37,31,24,21,0,15,1,0,0,0,7,5,0
SN,AS,shareera,1615,10,34,31,25,21,0,14,0,0,0,0,7,8,0
SN,AS,shareera,1616,10,34,31,25,20,0,14,0,0,0,0,7,9,0
SN,AS,shareera,1617,11,33,31,25,20,0,14,0,0,0,0,7,9,0
SN,AS,shareera,1618,10,34,31,25,18,0,15,0,0,0,0,7,10,0
SN,AS,shareera,1619,10,34,31,25,17,0,16,0,0,0,0,7,10,0
SN,AS,shareera,1620,11,32,30,25,17,0,16,0,0,0,0,8,11,0
SN,AS,shareera,1621,12,33,30,25,17,0,16,0,0,0,0,8,9,0
SN,AS,shareera,1622,12,33,29,25,15,0,17,0,0,0,0,10,9,0
SN,AS,shareera,1623,12,34,29,25,17,0,16,0,0,0,0,9,8,0
SN,AS,shareera,1624,11,33,29,25,16,0,17,0,0,0,0,10,9,0
SN,AS,shareera,1625,11,33,28,24,17,0,17,1,0,0,0,10,9,0
SN,AS,shareera,1626,10,34,27,24,17,0,17,1,0,0,0,9,11,0
SN,AS,shareera,1627,9,32,28,24,18,0,17,1,0,0,0,9,12,0
SN,AS,shareera,1628,9,32,28,24,19,0,17,1,0,0,0,8,12,0
SN,AS,shareera,1629,10,31,28,24,20,0,15,1,0,0,0,8,13,0
SN,AS,shareera,1630,10,32,29,24,18,0,15,1,0,0,0,8,13,0
SN,AS,shareera,1631,9,32,29,24,18,0,15,1,0,0,0,9,13,0
SN,AS,shareera,1632,9,30,29,24,20,0,14,1,0,0,0,9,14,0
SN,AS,shareera,1633,10,29,30,24,20,0,13,1,0,0,0,9,14,0
SN,AS,shareera,1634,11,29,30,23,20,0,12,2,0,0,0,8,15,0
SN,AS,shareera,1635,11,30,30,23,19,0,12,2,0,0,0,7,16,0
SN,AS,shareera,1636,10,31,31,23,19,0,13,2,0,0,0,6,15,0
SN,AS,shareera,1637,9,31,31,23,18,0,14,2,0,0,0,6,16,0
SN,AS,shareera,1638,9,30,31,23,20,0,14,2,0,0,0,6,15,0
SN,AS,shareera,1639,9,29,31,23,21,0,14,2,0,0,0,6,15,0
SN,AS,shareera,1640,8,30,31,23,23,0,14,2,0,0,0,7,12,0
SN,AS,shareera,1641,8,30,32,23,24,0,13,2,0,0,0,7,11,0
SN,AS,shareera,1642,7,31,32,23,22,0,15,2,0,0,0,7,11,0
SN,AS,shareera,1643,7,31,33,23,22,0,14,2,0,0,0,7,11,0
SN,AS,shareera,1644,7,31,33,23,23,0,13,2,0,0,0,6,12,0
SN,AS,shareera,1645,6,32,33,23,24,0,13,2,0,0,0,5,12,0
SN,AS,shareera,1646,6,32,33,23,24,0,13,2,0,0,0,5,12,0
SN,AS,shareera,1647,6,32,33,22,25,0,12,3,0,0,0,3,14,0
SN,AS,shareera,1648,6,31,33,21,26,0,12,4,0,0,0,3,14,0
SN,AS,shareera,1649,7,33,33,21,27,0,10,4,0,0,0,2,13,0
SN,AS,shareera,1650,7,32,33,22,29,0,9,3,0,0,0,2,13,0
SN,AS,shareera,1651,7,32,33,22,31,0,9,3,0,0,0,2,11,0
SN,AS,shareera,1652,7,33,32,22,31,0,9,3,0,0,0,2,11,0
SN,AS,shareera,1653,6,31,32,22,30,0,12,3,0,0,0,3,11,0
SN,AS,shareera,1654,6,30,32,22,29,0,13,3,0,0,0,4,11,0
SN,AS,shareera,1655,7,27,31,22,31,0,13,3,0,0,0,4,12,0
SN,AS,shareera,1656,8,25,31,22,31,0,13,3,0,0,0,3,14,0
SN,AS,shareera,1657,8,25,32,22,30,0,13,3,0,0,0,4,13,0
SN,AS,shareera,1658,8,26,31,22,30,0,13,3,0,0,0,4,13,0
SN,AS,shareera,1659,9,25,31,23,32,0,12,2,0,0,0,4,12,0
SN,AS,shareera,1660,9,25,31,23,32,0,10,2,0,0,0,4,14,0
SN,AS,shareera,1661,10,23,30,23,34,0,9,2,0,0,0,4,15,0
SN,AS,shareera,1662,10,24,30,23,33,0,9,2,0,0,0,4,15,0
SN,AS,shareera,1663,11,23,31,23,32,0,9,2,0,0,0,4,15,0
SN,AS,shareera,1664,12,22,31,22,31,0,9,3,0,0,0,5,15,0
SN,AS,shareera,1665,13,21,32,22,29,0,9,3,0,0,0,5,16,0
SN,AS,shareera,1666,13,21,31,22,30,0,9,3,0,0,0,5,16,0
SN,AS,shareera,1667,13,21,31,22,31,0,8,3,0,0,0,5,16,0
SN,AS,shareera,1668,13,21,31,22,32,0,8,3,0,0,0,5,15,0
SN,AS,shareera,1669,13,21,31,22,31,0,9,3,0,0,0,6,14,0
SN,AS,shareera,1670,13,21,32,22,29,0,10,3,0,0,0,7,13,0
SN,AS,shareera,1671,12,20,32,22,28,0,11,3,0,0,0,8,14,0
SN,AS,shareera,1672,12,20,33,23,29,0,11,2,0,0,0,8,12,0
SN,AS,shareera,1673,12,20,33,24,27,0,12,1,0,0,0,8,13,0
SN,AS,shareera,1674,13,19,34,24,26,0,12,1,0,0,0,8,13,0
SN,AS,shareera,1675,13,19,34,24,25,0,13,1,0,0,0,8,13,0
SN,AS,shareera,1676,13,19,34,24,25,0,13,1,0,0,0,8,13,0
SN,AS,shareera,1677,13,18,36,24,24,0,12,1,0,0,0,9,13,0
SN,AS,shareera,1678,13,22,36,24,24,0,9,1,0,0,0,8,13,0
SN,AS,shareera,1679,13,23,37,23,24,0,8,2,0,0,0,7,13,0
SN,AS,shareera,1680,12,25,37,23,23,0,9,2,0,0,0,7,12,0
SN,AS,shareera,1681,11,25,37,23,24,0,10,2,0,0,0,8,10,0
SN,AS,shareera,1682,11,25,36,23,24,0,11,2,0,0,0,7,11,0
SN,AS,shareera,1683,10,25,36,22,24,1,12,2,0,0,0,7,11,0
SN,AS,shareera,1684,8,25,37,21,22,1,14,3,0,0,0,8,11,0
SN,AS,shareera,1685,8,25,37,21,24,1,14,3,0,0,0,9,8,0
SN,AS,shareera,1686,8,26,38,21,23,1,14,3,0,0,0,9,7,0
SN,AS,shareera,1687,8,25,39,21,23,1,14,3,0,0,0,9,7,0
SN,AS,shareera,1688,9,26,38,21,22,1,13,3,0,0,0,10,7,0
SN,AS,shareera,1689,8,27,37,22,22,1,14,2,0,0,0,10,7,0
SN,AS,shareera,1690,8,29,36,22,22,1,15,2,0,0,0,9,6,0
SN,AS,shareera,1691,9,27,36,22,21,1,16,2,0,0,0,9,7,0
SN,AS,shareera,1692,9,27,37,22,20,1,16,2,0,0,0,9,7,0
SN,AS,shareera,1693,9,26,36,22,20,1,18,2,0,0,0,9,7,0
SN,AS,shareera,1694,8,27,36,21,20,1,18,3,0,0,0,9,7,0
SN,AS,shareera,1695,8,27,35,20,21,1,18,4,0,0,0,8,8,0
SN,AS,shareera,1696,9,29,34,20,22,1,17,4,0,0,0,7,7,0
SN,AS,shareera,1697,11,29,33,20,20,1,18,4,0,0,0,7,7,0
SN,AS,shareera,1698,12,29,34,19,20,1,17,5,0,0,0,7,6,0
SN,AS,shareera,1699,10,30,33,19,21,1,18,5,0,0,0,7,6,0
SN,AS,shareera,1700,10,29,32,19,19,1,19,5,0,0,0,7,6,0
SN,AS,shareera,1701,10,28,31,18,18,1,21,5,0,1,0,7,7,0
SN,AS,shareera,1702,10,29,29,18,19,1,21,5,0,1,0,6,6,0
SN,AS,shareera,1703,13,27,31,17,22,1,25,5,0,1,1,7,11,0
SN,AS,shareera,1704,20,43,39,17,34,1,38,4,0,1,1,15,24,5
SN,AS,shareera,1705,20,42,38,16,33,1,37,4,0,1,1,15,24,5
SN,AS,shareera,1706,21,44,38,15,32,1,37,4,0,1,1,14,26,6
SN,AS,shareera,1707,21,43,37,15,31,1,36,4,0,1,1,15,26,6
SN,AS,shareera,1708,22,43,36,15,30,0,39,4,0,1,1,15,27,6
SN,AS,shareera,1709,24,51,37,15,35,0,48,3,0,1,1,15,33,8
SN,AS,shareera,1710,25,51,36,15,34,0,49,3,0,1,1,14,34,9
SN,AS,shareera,1711,25,52,36,14,35,0,49,3,0,2,1,16,35,11
SN,AS,shareera,1712,26,54,36,13,37,0,50,3,0,3,1,17,36,13
SN,AS,shareera,1713,26,79,41,12,40,0,71,3,0,3,1,19,93,17
SN,AS,shareera,1714,26,78,40,11,39,0,70,3,0,3,1,18,93,18
SN,AS,shareera,1715,25,76,39,10,41,1,69,3,0,3,1,18,94,18
SN,AS,shareera,1716,25,78,38,9,42,2,69,3,0,3,1,19,97,18
SN,AS,shareera,1717,26,76,37,8,42,2,69,3,0,3,2,19,97,19
SN,AS,shareera,1718,26,75,36,7,41,2,68,3,0,4,2,19,97,20
SN,AS,shareera,1719,26,74,37,8,40,2,67,2,0,4,2,18,100,21
SN,AS,shareera,1720,27,73,37,9,39,2,66,1,0,4,2,19,99,21
SN,AS,shareera,1721,27,74,38,9,38,2,66,1,0,4,2,19,99,21
SN,AS,shareera,1722,27,73,38,8,39,2,67,1,0,4,2,19,100,21
SN,AS,shareera,1723,26,72,37,8,38,2,67,0,0,5,2,20,100,21
SN,AS,shareera,1724,27,70,37,8,37,2,66,0,0,5,2,21,100,21
SN,AS,shareera,1725,28,71,38,8,38,2,64,0,0,5,2,23,100,21
SN,AS,shareera,1726,31,76,40,8,37,2,64,0,0,4,2,24,101,22
SN,AS,shareera,1727,31,76,39,8,36,2,65,0,0,4,2,24,102,22
SN,AS,shareera,1728,29,75,38,8,36,2,64,0,0,5,1,23,99,22
SN,AS,shareera,1729,22,59,29,8,25,2,55,0,0,5,2,15,86,19
SN,AS,shareera,1730,25,60,29,9,28,2,55,0,0,5,2,15,87,19
SN,AS,shareera,1731,24,59,28,9,28,2,54,0,0,5,2,15,85,18
SN,AS,shareera,1732,27,65,33,8,29,2,54,0,0,5,3,17,85,20
SN,AS,shareera,1733,26,65,33,8,29,3,52,0,0,5,3,18,84,20
SN,AS,shareera,1734,24,58,31,9,25,3,42,0,0,5,3,18,79,19
SN,AS,shareera,1735,23,58,31,8,24,3,45,0,0,6,3,18,78,18
SN,AS,shareera,1736,25,56,32,8,24,3,48,0,0,5,4,20,78,17
SN,AS,shareera,1737,26,55,31,8,25,3,48,0,0,4,4,20,79,15
SN,AS,shareera,1738,24,30,25,8,23,3,27,0,0,4,4,18,22,11
SN,AS,shareera,1739,24,32,27,8,24,3,28,0,0,4,5,18,24,10
SN,AS,shareera,1740,24,34,27,8,22,2,28,1,0,4,5,19,24,10
SN,AS,shareera,1741,23,32,27,8,21,1,28,1,0,4,6,18,20,10
SN,AS,shareera,1742,22,34,27,9,22,1,28,1,0,4,5,19,20,12
SN,AS,shareera,1743,22,35,28,10,22,1,28,1,0,3,5,19,22,11
SN,AS,shareera,1744,22,36,27,9,22,1,28,2,0,3,5,19,19,10
SN,AS,shareera,1745,21,40,28,8,24,1,28,2,0,3,6,19,21,10
SN,AS,shareera,1746,20,37,29,8,25,1,28,2,0,3,6,20,22,11
SN,AS,shareera,1747,19,39,28,8,25,1,28,3,0,3,6,21,21,11
SN,AS,shareera,1748,19,40,28,8,25,1,30,3,0,2,6,21,21,12
SN,AS,shareera,1749,18,43,27,7,27,1,31,3,0,2,6,21,23,13
SN,AS,shareera,1750,18,43,26,6,27,1,32,4,0,2,6,19,24,13
SN,AS,shareera,1751,15,38,24,6,28,1,30,4,0,2,7,18,22,12
SN,AS,shareera,1752,16,40,25,5,28,1,29,4,0,2,7,18,23,13
SN,AS,shareera,1753,17,41,23,6,25,1,26,4,0,1,7,18,21,13
SN,AS,shareera,1754,23,47,27,6,35,2,46,4,0,1,6,26,36,17
SN,AS,shareera,1755,26,66,33,5,43,2,53,5,0,1,6,31,51,21
SN,AS,shareera,1756,26,65,34,5,42,2,53,5,0,1,7,31,51,21
SN,AS,shareera,1757,23,59,32,6,43,2,53,5,0,1,6,28,50,19
SN,AS,shareera,1758,23,58,33,7,44,1,51,5,0,1,6,27,52,19
SN,AS,shareera,1759,24,57,33,7,45,1,51,5,0,1,6,26,51,18
SN,AS,shareera,1760,24,57,35,8,46,1,47,5,0,0,6,27,51,18
SN,AS,shareera,1761,21,57,34,9,44,1,45,5,0,0,5,23,52,17
SN,AS,shareera,1762,19,57,34,10,42,1,43,5,0,0,5,22,50,17
SN,AS,shareera,1763,19,57,35,11,42,1,44,5,0,0,5,21,51,17
SN,AS,shareera,1764,19,55,36,12,41,1,43,5,0,0,4,21,51,17
SN,AS,shareera,1765,20,53,37,13,43,1,43,4,0,0,4,20,51,17
SN,AS,shareera,1766,21,53,38,14,43,1,42,4,0,0,3,21,52,17
SN,AS,shareera,1767,22,51,39,14,43,1,41,4,0,0,3,21,52,14
SN,AS,shareera,1768,22,52,39,14,44,1,40,4,0,0,3,22,50,14
SN,AS,shareera,1769,22,51,39,15,44,1,40,3,0,0,3,23,52,15
SN,AS,shareera,1770,22,48,39,16,44,1,40,3,0,0,2,22,50,15
SN,AS,shareera,1771,23,49,37,16,43,1,41,3,0,0,2,21,50,14
SN,AS,shareera,1772,22,48,38,17,44,1,39,2,0,0,2,21,50,14
SN,AS,shareera,1773,23,48,39,18,45,1,37,2,0,0,2,20,50,13
SN,AS,shareera,1774,25,45,40,19,44,1,37,2,0,0,2,19,48,12
SN,AS,shareera,1775,25,44,41,20,45,1,37,1,0,0,2,19,47,12
SN,AS,shareera,1776,25,46,42,21,44,1,38,1,0,0,1,19,47,12
SN,AS,shareera,1777,24,43,41,21,45,1,38,1,0,1,1,19,47,11
SN,AS,shareera,1778,22,41,41,20,46,1,38,1,0,2,1,19,49,11
SN,AS,shareera,1779,15,34,36,20,37,0,16,1,0,2,1,11,33,5
SN,AS,shareera,1780,9,13,30,20,27,0,9,0,0,2,2,6,19,1
SN,AS,shareera,1781,9,15,30,21,27,0,10,0,0,2,1,7,19,1
SN,AS,shareera,1782,9,17,28,21,26,0,10,0,0,2,1,7,20,1
SN,AS,shareera,1783,10,17,28,20,27,0,10,1,0,2,1,7,18,1
SN,AS,shareera,1784,9,18,28,20,26,0,10,1,0,2,1,7,19,1
SN,AS,shareera,1785,9,17,28,20,25,0,10,1,0,2,1,7,21,1
SN,AS,shareera,1786,10,17,27,20,26,0,10,1,0,2,1,8,19,1
SN,AS,shareera,1787,10,15,26,20,25,0,12,1,0,2,1,8,18,1
