Text_Type,Book,Chapter,Window,GG,L,GLG,GGG,GLL,LGL,GGL,G,LGG,LLG,LL,LG,LLL,GL
SN,CS,shareera,1,2,2,24,24,9,27,8,21,19,12,0,0,0,0
SN,CS,shareera,2,1,2,24,24,9,28,10,22,18,10,0,0,0,0
SN,CS,shareera,3,0,2,24,24,9,29,12,23,18,9,0,0,0,0
SN,CS,shareera,4,0,2,24,25,9,29,14,23,17,7,0,0,0,0
SN,CS,shareera,5,0,2,25,26,9,29,13,23,17,6,0,0,0,0
SN,CS,shareera,6,0,2,26,26,10,29,13,23,15,6,0,0,0,0
SN,CS,shareera,7,0,1,26,25,11,30,13,24,15,5,0,0,0,0
SN,CS,shareera,8,0,1,25,25,10,31,14,24,15,5,0,0,0,0
SN,CS,shareera,9,0,2,25,25,10,31,14,23,14,6,0,0,0,0
SN,CS,shareera,10,0,2,24,26,9,31,14,23,15,6,0,0,0,0
SN,CS,shareera,11,0,2,23,29,8,31,13,23,14,7,0,0,0,0
SN,CS,shareera,12,0,2,23,28,8,33,13,23,13,7,0,0,0,0
SN,CS,shareera,13,0,3,23,29,8,33,14,22,12,6,0,0,0,0
SN,CS,shareera,14,0,3,23,31,8,31,14,22,12,6,0,0,0,0
SN,CS,shareera,15,0,3,25,30,7,31,14,22,12,6,0,0,0,0
SN,CS,shareera,16,0,3,24,29,7,32,15,22,12,6,0,0,0,0
SN,CS,shareera,17,0,3,26,27,8,32,14,22,13,5,0,0,0,0
SN,CS,shareera,18,0,3,25,25,8,32,15,22,14,6,0,0,0,0
SN,CS,shareera,19,0,3,25,25,7,32,15,22,14,7,0,0,0,0
SN,CS,shareera,20,0,2,25,27,6,32,15,23,13,7,0,0,0,0
SN,CS,shareera,21,0,3,25,28,6,32,15,22,11,8,0,0,0,0
SN,CS,shareera,22,0,3,27,28,5,32,15,22,10,8,0,0,0,0
SN,CS,shareera,23,0,4,26,28,6,32,15,21,10,8,0,0,0,0
SN,CS,shareera,24,0,5,26,28,7,32,15,20,9,8,0,0,0,0
SN,CS,shareera,25,0,5,26,29,8,32,14,20,8,8,0,0,0,0
SN,CS,shareera,26,0,5,26,30,8,32,14,20,7,8,0,0,0,0
SN,CS,shareera,27,0,5,28,28,8,32,12,20,9,8,0,0,0,0
SN,CS,shareera,28,0,5,29,30,8,32,10,20,8,8,0,0,0,0
SN,CS,shareera,29,0,5,29,29,8,32,9,20,9,9,0,0,0,0
SN,CS,shareera,30,0,5,27,29,8,32,10,20,9,10,0,0,0,0
SN,CS,shareera,31,0,5,25,30,7,34,9,20,9,11,0,0,0,0
SN,CS,shareera,32,0,5,25,33,6,33,8,20,9,11,0,0,0,0
SN,CS,shareera,33,0,5,26,34,6,33,7,20,8,11,0,0,0,0
SN,CS,shareera,34,0,4,26,33,7,33,7,21,8,11,0,0,0,0
SN,CS,shareera,35,0,5,25,33,7,34,8,20,7,11,0,0,0,0
SN,CS,shareera,36,0,5,26,32,7,35,8,20,7,10,0,0,0,0
SN,CS,shareera,37,0,5,28,32,7,33,8,20,7,10,0,0,0,0
SN,CS,shareera,38,0,4,29,30,7,34,8,21,7,10,0,0,0,0
SN,CS,shareera,39,0,4,30,30,7,34,8,21,7,9,0,0,0,0
SN,CS,shareera,40,0,4,28,32,6,34,9,21,6,10,0,0,0,0
SN,CS,shareera,41,0,4,28,33,7,33,7,21,7,10,0,0,0,0
SN,CS,shareera,42,0,4,27,36,6,33,7,21,6,10,0,0,0,0
SN,CS,shareera,43,0,4,26,37,6,33,8,21,5,10,0,0,0,0
SN,CS,shareera,44,0,4,25,36,7,33,8,21,6,10,0,0,0,0
SN,CS,shareera,45,0,4,26,35,7,33,9,21,6,9,0,0,0,0
SN,CS,shareera,46,0,3,27,33,7,33,10,22,7,8,0,0,0,0
SN,CS,shareera,47,0,3,25,34,7,33,10,22,7,9,0,0,0,0
SN,CS,shareera,48,0,2,26,33,6,34,10,23,7,9,0,0,0,0
SN,CS,shareera,49,0,1,25,34,6,34,10,24,7,9,0,0,0,0
SN,CS,shareera,50,0,2,25,35,5,34,10,23,7,9,0,0,0,0
SN,CS,shareera,51,0,2,24,33,6,34,11,23,8,9,0,0,0,0
SN,CS,shareera,52,0,3,23,34,7,35,11,22,6,9,0,0,0,0
SN,CS,shareera,53,0,3,23,32,6,35,12,22,7,10,0,0,0,0
SN,CS,shareera,54,0,4,24,31,8,35,11,21,7,9,0,0,0,0
SN,CS,shareera,55,0,5,24,30,8,35,11,20,8,9,0,0,0,0
SN,CS,shareera,56,0,5,25,30,8,33,11,20,9,9,0,0,0,0
SN,CS,shareera,57,0,5,24,28,8,34,11,20,10,10,0,0,0,0
SN,CS,shareera,58,0,5,23,27,8,34,12,20,11,10,0,0,0,0
SN,CS,shareera,59,0,5,24,26,7,34,12,20,13,9,0,0,0,0
SN,CS,shareera,60,0,4,24,25,8,33,11,21,14,10,0,0,0,0
SN,CS,shareera,61,0,4,24,24,9,32,11,21,14,11,0,0,0,0
SN,CS,shareera,62,0,4,23,24,10,32,11,21,15,10,0,0,0,0
SN,CS,shareera,63,0,4,22,24,10,31,12,21,15,11,0,0,0,0
SN,CS,shareera,64,0,4,22,22,10,31,13,21,16,11,0,0,0,0
SN,CS,shareera,65,0,4,22,21,10,31,13,21,17,11,0,0,0,0
SN,CS,shareera,66,0,4,24,21,9,31,13,21,16,11,0,0,0,0
SN,CS,shareera,67,0,4,23,20,10,32,13,21,16,11,0,0,0,0
SN,CS,shareera,68,0,4,23,20,11,33,11,21,17,10,0,0,0,0
SN,CS,shareera,69,0,4,23,23,10,33,11,21,16,9,0,0,0,0
SN,CS,shareera,70,0,4,23,24,10,32,10,21,16,10,0,0,0,0
SN,CS,shareera,71,0,5,22,26,10,32,9,20,15,11,0,0,0,0
SN,CS,shareera,72,0,5,21,25,10,32,10,20,16,11,0,0,0,0
SN,CS,shareera,73,0,5,19,26,10,32,11,20,16,11,0,0,0,0
SN,CS,shareera,74,0,6,18,26,9,32,12,19,16,12,0,0,0,0
SN,CS,shareera,75,0,5,17,25,9,32,12,20,17,13,0,0,0,0
SN,CS,shareera,76,0,5,16,27,9,33,11,20,16,13,0,0,0,0
SN,CS,shareera,77,0,4,17,26,9,32,11,21,17,13,0,0,0,0
SN,CS,shareera,78,0,4,17,27,9,32,10,21,17,13,0,0,0,0
SN,CS,shareera,79,0,3,17,28,7,33,10,22,16,14,0,0,0,0
SN,CS,shareera,80,0,2,19,29,7,32,9,23,15,14,0,0,0,0
SN,CS,shareera,81,0,2,18,31,7,32,9,23,14,14,0,0,0,0
SN,CS,shareera,82,0,2,19,31,7,31,10,23,13,14,0,0,0,0
SN,CS,shareera,83,0,2,19,33,7,30,9,23,12,15,0,0,0,0
SN,CS,shareera,84,0,2,17,33,8,30,11,23,11,15,0,0,0,0
SN,CS,shareera,85,0,3,17,34,7,30,11,22,10,16,0,0,0,0
SN,CS,shareera,86,0,4,18,34,6,30,11,21,11,15,0,0,0,0
SN,CS,shareera,87,0,4,18,35,5,30,12,21,10,15,0,0,0,0
SN,CS,shareera,88,0,5,18,36,5,30,11,20,11,14,0,0,0,0
SN,CS,shareera,89,0,5,18,37,5,30,10,20,11,14,0,0,0,0
SN,CS,shareera,90,0,5,21,36,5,30,10,20,10,13,0,0,0,0
SN,CS,shareera,91,0,5,19,34,5,30,11,20,12,14,0,0,0,0
SN,CS,shareera,92,0,5,19,33,4,29,12,20,12,16,0,0,0,0
SN,CS,shareera,93,0,6,19,34,4,29,12,19,11,16,0,0,0,0
SN,CS,shareera,94,0,6,19,33,5,29,12,19,11,16,0,0,0,0
SN,CS,shareera,95,0,6,18,33,5,30,13,19,11,15,0,0,0,0
SN,CS,shareera,96,0,5,17,33,5,30,14,20,12,14,0,0,0,0
SN,CS,shareera,97,0,5,19,32,5,30,13,20,12,14,0,0,0,0
SN,CS,shareera,98,0,5,19,31,5,29,13,20,13,15,0,0,0,0
SN,CS,shareera,99,0,4,20,31,6,29,12,21,13,14,0,0,0,0
SN,CS,shareera,100,0,5,20,30,6,29,14,20,12,14,0,0,0,0
SN,CS,shareera,101,0,6,22,28,5,28,15,19,13,14,0,0,0,0
SN,CS,shareera,102,0,6,21,28,4,28,17,19,12,15,0,0,0,0
SN,CS,shareera,103,0,6,21,28,4,28,17,19,13,14,0,0,0,0
SN,CS,shareera,104,0,6,20,29,5,27,18,19,13,13,0,0,0,0
SN,CS,shareera,105,0,6,20,29,6,27,18,19,13,12,0,0,0,0
SN,CS,shareera,106,0,6,21,28,6,27,18,19,14,11,0,0,0,0
SN,CS,shareera,107,0,6,21,28,7,27,17,19,15,10,0,0,0,0
SN,CS,shareera,108,0,6,20,27,7,27,18,19,15,11,0,0,0,0
SN,CS,shareera,109,0,6,21,30,6,27,16,19,14,11,0,0,0,0
SN,CS,shareera,110,0,5,21,31,6,29,16,20,13,9,0,0,0,0
SN,CS,shareera,111,0,4,20,31,7,29,17,21,12,9,0,0,0,0
SN,CS,shareera,112,0,4,19,30,7,29,17,21,12,11,0,0,0,0
SN,CS,shareera,113,0,3,19,31,7,30,16,22,11,11,0,0,0,0
SN,CS,shareera,114,0,3,19,30,7,30,16,22,11,12,0,0,0,0
SN,CS,shareera,115,0,3,16,31,7,30,17,22,11,13,0,0,0,0
SN,CS,shareera,116,0,3,17,32,7,30,18,22,9,12,0,0,0,0
SN,CS,shareera,117,0,3,18,33,7,30,18,22,9,10,0,0,0,0
SN,CS,shareera,118,0,2,18,32,7,29,19,23,9,11,0,0,0,0
SN,CS,shareera,119,0,2,17,32,6,29,20,23,9,12,0,0,0,0
SN,CS,shareera,120,0,2,19,31,6,28,19,23,9,13,0,0,0,0
SN,CS,shareera,121,0,2,19,30,6,28,19,23,9,14,0,0,0,0
SN,CS,shareera,122,0,2,19,31,6,28,20,23,8,13,0,0,0,0
SN,CS,shareera,123,0,2,20,30,7,29,20,23,7,12,0,0,0,0
SN,CS,shareera,124,0,2,20,30,6,29,20,23,7,13,0,0,0,0
SN,CS,shareera,125,0,1,22,30,6,29,19,24,7,12,0,0,0,0
SN,CS,shareera,126,0,0,20,30,7,31,19,25,6,12,0,0,0,0
SN,CS,shareera,127,0,0,19,32,8,30,18,24,7,11,0,0,0,0
SN,CS,shareera,128,0,0,18,34,8,30,18,24,5,12,0,0,0,0
SN,CS,shareera,129,0,0,19,32,7,30,18,24,6,13,0,0,0,0
SN,CS,shareera,130,0,1,18,32,6,30,19,23,7,13,0,0,0,0
SN,CS,shareera,131,0,1,17,33,6,30,19,23,6,14,0,0,0,0
SN,CS,shareera,132,0,1,18,34,5,30,19,23,5,14,0,0,0,0
SN,CS,shareera,133,0,1,19,33,5,31,19,23,5,13,0,0,0,0
SN,CS,shareera,134,0,1,18,32,5,31,19,23,5,15,0,0,0,0
SN,CS,shareera,135,0,1,18,30,5,29,21,23,7,15,0,0,0,0
SN,CS,shareera,136,0,1,18,30,4,29,20,23,8,16,0,0,0,0
SN,CS,shareera,137,0,1,20,30,4,29,20,23,8,14,0,0,0,0
SN,CS,shareera,138,0,1,20,29,5,29,20,23,8,14,0,0,0,0
SN,CS,shareera,139,0,1,20,31,5,29,20,23,7,13,0,0,0,0
SN,CS,shareera,140,0,1,21,33,5,29,18,23,7,12,0,0,0,0
SN,CS,shareera,141,0,1,20,34,5,30,17,23,7,12,0,0,0,0
SN,CS,shareera,142,0,1,20,32,5,30,16,23,9,13,0,0,0,0
SN,CS,shareera,143,0,1,20,32,4,30,17,23,9,13,0,0,0,0
SN,CS,shareera,144,0,1,21,31,5,31,16,23,9,12,0,0,0,0
SN,CS,shareera,145,0,2,19,31,5,32,17,22,9,12,0,0,0,0
SN,CS,shareera,146,0,2,20,31,6,32,16,22,9,11,0,0,0,0
SN,CS,shareera,147,0,2,18,30,7,32,16,22,10,12,0,0,0,0
SN,CS,shareera,148,0,2,17,30,6,32,17,22,11,12,0,0,0,0
SN,CS,shareera,149,0,2,16,29,7,33,18,22,11,11,0,0,0,0
SN,CS,shareera,150,0,2,14,30,7,33,18,22,11,12,0,0,0,0
SN,CS,shareera,151,0,2,16,30,6,32,17,22,12,12,0,0,0,0
SN,CS,shareera,152,0,2,16,28,6,33,16,23,14,12,0,0,0,0
SN,CS,shareera,153,0,2,16,28,6,33,16,23,14,12,0,0,0,0
SN,CS,shareera,154,0,2,15,28,6,34,16,23,14,12,0,0,0,0
SN,CS,shareera,155,0,1,16,29,6,34,15,24,13,12,0,0,0,0
SN,CS,shareera,156,0,1,18,26,6,34,15,24,14,12,0,0,0,0
SN,CS,shareera,157,0,1,18,25,6,34,16,24,14,12,0,0,0,0
SN,CS,shareera,158,0,1,18,26,7,33,15,24,14,12,0,0,0,0
SN,CS,shareera,159,0,2,19,24,7,34,16,23,14,11,0,0,0,0
SN,CS,shareera,160,0,2,20,26,7,34,14,23,12,12,0,0,0,0
SN,CS,shareera,161,0,2,21,26,7,34,15,23,11,11,0,0,0,0
SN,CS,shareera,162,0,2,21,26,7,34,14,23,12,11,0,0,0,0
SN,CS,shareera,163,0,2,20,26,6,33,14,23,13,13,0,0,0,0
SN,CS,shareera,164,0,2,21,24,6,33,14,23,14,13,0,0,0,0
SN,CS,shareera,165,0,2,22,22,6,33,15,23,14,13,0,0,0,0
SN,CS,shareera,166,0,2,23,22,6,32,14,23,15,13,0,0,0,0
SN,CS,shareera,167,0,2,22,25,6,32,15,23,13,12,0,0,0,0
SN,CS,shareera,168,0,2,23,26,6,32,13,23,14,11,0,0,0,0
SN,CS,shareera,169,0,2,23,27,5,31,13,23,14,12,0,0,0,0
SN,CS,shareera,170,0,1,24,28,5,30,12,24,15,11,0,0,0,0
SN,CS,shareera,171,0,1,23,29,4,30,12,24,14,13,0,0,0,0
SN,CS,shareera,172,0,2,24,30,3,30,13,23,13,12,0,0,0,0
SN,CS,shareera,173,0,2,24,31,3,29,12,23,12,14,0,0,0,0
SN,CS,shareera,174,0,2,24,31,3,29,11,23,12,15,0,0,0,0
SN,CS,shareera,175,0,2,25,31,4,29,10,23,12,14,0,0,0,0
SN,CS,shareera,176,0,2,25,33,4,28,10,23,11,14,0,0,0,0
SN,CS,shareera,177,0,2,26,34,3,29,10,23,8,15,0,0,0,0
SN,CS,shareera,178,0,2,26,33,3,29,11,23,9,14,0,0,0,0
SN,CS,shareera,179,0,2,26,34,4,30,10,23,8,13,0,0,0,0
SN,CS,shareera,180,0,2,27,33,4,30,10,23,8,13,0,0,0,0
SN,CS,shareera,181,0,2,28,34,4,30,10,23,7,12,0,0,0,0
SN,CS,shareera,182,0,2,28,34,4,30,9,23,7,13,0,0,0,0
SN,CS,shareera,183,0,2,27,34,3,30,10,23,8,13,0,0,0,0
SN,CS,shareera,184,0,1,27,35,3,29,9,24,9,13,0,0,0,0
SN,CS,shareera,185,0,1,27,35,3,29,9,24,10,12,0,0,0,0
SN,CS,shareera,186,0,1,28,34,3,29,9,24,10,12,0,0,0,0
SN,CS,shareera,187,0,1,27,34,3,30,9,24,9,13,0,0,0,0
SN,CS,shareera,188,0,2,28,36,3,30,9,23,8,11,0,0,0,0
SN,CS,shareera,189,0,2,27,35,4,30,11,23,7,11,0,0,0,0
SN,CS,shareera,190,0,2,25,35,4,30,12,23,8,11,0,0,0,0
SN,CS,shareera,191,0,2,24,33,4,30,14,23,8,12,0,0,0,0
SN,CS,shareera,192,0,2,24,31,4,30,15,23,9,12,0,0,0,0
SN,CS,shareera,193,0,2,24,32,4,30,15,23,8,12,0,0,0,0
SN,CS,shareera,194,0,2,23,31,4,31,16,23,9,11,0,0,0,0
SN,CS,shareera,195,0,2,24,30,4,31,17,23,8,11,0,0,0,0
SN,CS,shareera,196,0,2,27,29,4,31,17,23,8,9,0,0,0,0
SN,CS,shareera,197,0,1,29,29,4,31,15,24,8,9,0,0,0,0
SN,CS,shareera,198,0,1,30,29,5,31,14,24,9,7,0,0,0,0
SN,CS,shareera,199,0,1,31,30,5,30,14,24,9,6,0,0,0,0
SN,CS,shareera,200,0,1,31,31,4,30,14,24,9,6,0,0,0,0
SN,CS,shareera,201,0,1,30,31,4,31,14,24,9,6,0,0,0,0
SN,CS,shareera,202,0,1,30,30,4,31,15,24,10,5,0,0,0,0
SN,CS,shareera,203,0,1,30,28,5,31,16,24,9,6,0,0,0,0
SN,CS,shareera,204,0,1,31,29,4,29,17,24,9,6,0,0,0,0
SN,CS,shareera,205,0,1,30,29,4,29,17,24,10,6,0,0,0,0
SN,CS,shareera,206,0,1,28,28,4,29,19,24,10,7,0,0,0,0
SN,CS,shareera,207,0,1,26,27,4,29,21,24,10,8,0,0,0,0
SN,CS,shareera,208,0,1,27,26,4,29,21,24,11,7,0,0,0,0
SN,CS,shareera,209,0,2,26,25,4,30,23,23,11,6,0,0,0,0
SN,CS,shareera,210,0,2,26,24,4,30,25,23,10,6,0,0,0,0
SN,CS,shareera,211,0,2,24,24,5,30,25,23,10,7,0,0,0,0
SN,CS,shareera,212,0,2,23,25,5,29,26,23,10,7,0,0,0,0
SN,CS,shareera,213,0,2,23,23,5,29,26,23,12,7,0,0,0,0
SN,CS,shareera,214,0,2,23,25,4,30,24,23,12,7,0,0,0,0
SN,CS,shareera,215,0,2,23,25,4,30,24,23,11,8,0,0,0,0
SN,CS,shareera,216,0,2,25,26,4,30,23,23,10,7,0,0,0,0
SN,CS,shareera,217,0,2,26,26,4,30,23,23,9,7,0,0,0,0
SN,CS,shareera,218,0,2,27,24,4,30,23,23,10,7,0,0,0,0
SN,CS,shareera,219,0,2,29,24,4,29,22,23,9,8,0,0,0,0
SN,CS,shareera,220,0,2,29,25,4,29,21,23,9,8,0,0,0,0
SN,CS,shareera,221,0,2,27,25,4,29,21,23,10,9,0,0,0,0
SN,CS,shareera,222,0,2,25,25,4,29,21,23,11,10,0,0,0,0
SN,CS,shareera,223,0,2,24,25,3,29,22,23,10,12,0,0,0,0
SN,CS,shareera,224,0,2,23,25,3,30,22,23,10,12,0,0,0,0
SN,CS,shareera,225,0,2,23,24,3,30,22,23,10,13,0,0,0,0
SN,CS,shareera,226,0,2,23,25,3,29,22,23,10,13,0,0,0,0
SN,CS,shareera,227,0,2,24,25,3,28,22,23,10,13,0,0,0,0
SN,CS,shareera,228,0,2,24,26,2,30,20,23,10,13,0,0,0,0
SN,CS,shareera,229,0,2,24,25,3,30,20,23,10,13,0,0,0,0
SN,CS,shareera,230,0,2,23,26,3,31,20,23,9,13,0,0,0,0
SN,CS,shareera,231,0,2,24,28,3,31,18,23,9,12,0,0,0,0
SN,CS,shareera,232,0,2,25,28,3,31,17,23,10,11,0,0,0,0
SN,CS,shareera,233,0,2,25,28,3,31,17,23,9,12,0,0,0,0
SN,CS,shareera,234,0,1,26,29,3,30,16,24,8,13,0,0,0,0
SN,CS,shareera,235,0,1,26,29,4,30,15,24,8,13,0,0,0,0
SN,CS,shareera,236,0,1,26,30,3,31,14,24,8,13,0,0,0,0
SN,CS,shareera,237,0,1,27,29,3,31,14,24,9,12,0,0,0,0
SN,CS,shareera,238,0,0,28,29,3,31,14,25,7,13,0,0,0,0
SN,CS,shareera,239,0,1,28,28,3,30,15,24,7,14,0,0,0,0
SN,CS,shareera,240,0,1,28,28,3,30,13,24,8,15,0,0,0,0
SN,CS,shareera,241,0,1,27,28,3,30,13,24,9,15,0,0,0,0
SN,CS,shareera,242,0,1,26,28,3,31,12,24,9,16,0,0,0,0
SN,CS,shareera,243,0,1,25,28,3,32,12,24,9,16,0,0,0,0
SN,CS,shareera,244,0,1,25,29,3,32,12,24,9,15,0,0,0,0
SN,CS,shareera,245,0,1,25,28,3,32,13,24,9,15,0,0,0,0
SN,CS,shareera,246,0,1,25,27,5,32,13,24,8,15,0,0,0,0
SN,CS,shareera,247,0,1,25,28,5,32,13,24,8,14,0,0,0,0
SN,CS,shareera,248,0,1,25,30,5,32,13,24,8,12,0,0,0,0
SN,CS,shareera,249,0,1,25,30,4,31,13,24,9,13,0,0,0,0
SN,CS,shareera,250,0,1,24,29,4,31,14,24,9,14,0,0,0,0
SN,CS,shareera,251,0,1,23,27,5,33,14,24,9,14,0,0,0,0
SN,CS,shareera,252,0,1,22,28,6,33,13,24,8,15,0,0,0,0
SN,CS,shareera,253,0,1,24,29,6,31,13,24,8,14,0,0,0,0
SN,CS,shareera,254,0,1,25,29,5,31,12,24,9,14,0,0,0,0
SN,CS,shareera,255,0,1,24,28,5,31,13,24,9,15,0,0,0,0
SN,CS,shareera,256,0,1,23,27,6,31,13,24,9,16,0,0,0,0
SN,CS,shareera,257,0,1,23,27,6,31,14,24,9,15,0,0,0,0
SN,CS,shareera,258,0,1,23,27,6,32,14,24,9,14,0,0,0,0
SN,CS,shareera,259,0,1,23,26,7,34,13,24,9,13,0,0,0,0
SN,CS,shareera,260,0,1,23,25,7,35,12,24,9,14,0,0,0,0
SN,CS,shareera,261,0,1,24,25,7,34,13,24,9,13,0,0,0,0
SN,CS,shareera,262,0,1,23,24,7,34,13,24,9,15,0,0,0,0
SN,CS,shareera,263,0,1,22,23,7,34,15,24,9,15,0,0,0,0
SN,CS,shareera,264,0,0,21,23,7,34,16,25,9,15,0,0,0,0
SN,CS,shareera,265,0,0,22,22,7,35,16,25,9,14,0,0,0,0
SN,CS,shareera,266,0,0,22,22,7,35,16,25,9,14,0,0,0,0
SN,CS,shareera,267,0,0,24,21,7,34,16,25,10,13,0,0,0,0
SN,CS,shareera,268,0,0,23,22,7,33,18,25,9,13,0,0,0,0
SN,CS,shareera,269,0,0,22,21,7,33,20,25,9,13,0,0,0,0
SN,CS,shareera,270,0,0,20,20,7,34,21,25,10,13,0,0,0,0
SN,CS,shareera,271,0,0,19,22,5,34,22,25,11,12,0,0,0,0
SN,CS,shareera,272,0,0,19,21,5,35,23,25,10,12,0,0,0,0
SN,CS,shareera,273,0,0,19,19,6,35,23,25,11,12,0,0,0,0
SN,CS,shareera,274,0,0,19,18,8,35,23,25,10,12,0,0,0,0
SN,CS,shareera,275,0,0,20,18,8,35,22,25,10,12,0,0,0,0
SN,CS,shareera,276,0,0,21,19,7,33,23,25,10,12,0,0,0,0
SN,CS,shareera,277,0,1,21,20,6,33,23,24,10,12,0,0,0,0
SN,CS,shareera,278,0,1,20,18,6,34,23,24,11,13,0,0,0,0
SN,CS,shareera,279,0,1,19,19,6,34,24,24,10,13,0,0,0,0
SN,CS,shareera,280,0,1,20,19,7,33,24,24,10,12,0,0,0,0
SN,CS,shareera,281,0,1,19,19,6,33,26,24,10,12,0,0,0,0
SN,CS,shareera,282,0,1,19,20,6,33,25,24,10,12,0,0,0,0
SN,CS,shareera,283,0,1,18,22,6,33,25,24,9,12,0,0,0,0
SN,CS,shareera,284,0,1,19,23,5,31,26,24,9,12,0,0,0,0
SN,CS,shareera,285,0,1,20,25,6,30,27,23,10,12,1,0,0,0
SN,CS,shareera,286,0,1,18,27,6,29,26,22,11,13,1,1,1,0
SN,CS,shareera,287,0,1,18,29,6,29,25,22,10,13,1,1,1,0
SN,CS,shareera,288,0,1,18,32,6,28,23,21,11,12,1,1,1,0
SN,CS,shareera,289,1,1,18,31,7,27,21,20,12,12,1,1,1,0
SN,CS,shareera,290,1,2,19,31,8,27,23,19,11,11,1,1,1,0
SN,CS,shareera,291,1,2,20,31,9,27,24,19,10,11,1,1,1,0
SN,CS,shareera,292,1,3,20,32,10,27,25,18,9,11,1,1,1,0
SN,CS,shareera,293,1,4,22,31,11,27,25,17,9,11,1,1,1,0
SN,CS,shareera,294,1,4,24,30,12,27,25,17,9,11,1,1,1,0
SN,CS,shareera,295,1,4,27,30,13,26,25,17,8,11,1,1,1,0
SN,CS,shareera,296,1,4,29,29,14,26,26,17,7,11,1,1,1,0
SN,CS,shareera,297,1,4,31,28,15,25,27,17,7,11,1,1,1,0
SN,CS,shareera,298,1,4,33,28,15,25,28,17,6,11,1,1,1,0
SN,CS,shareera,299,1,5,36,28,14,26,28,16,6,10,1,1,1,0
SN,CS,shareera,300,1,5,37,28,15,27,29,16,6,8,1,1,1,0
SN,CS,shareera,301,1,5,37,26,15,27,31,16,6,9,1,1,2,0
SN,CS,shareera,302,1,4,38,25,16,28,32,17,6,8,1,1,2,0
SN,CS,shareera,303,1,5,39,26,17,27,34,16,5,7,1,1,2,0
SN,CS,shareera,304,1,5,40,25,18,27,35,16,5,7,1,1,2,0
SN,CS,shareera,305,1,5,41,25,18,27,36,16,5,7,1,1,2,0
SN,CS,shareera,306,1,5,43,24,19,27,37,16,5,6,1,1,2,0
SN,CS,shareera,307,1,6,45,23,20,27,38,15,4,6,1,1,2,0
SN,CS,shareera,308,1,7,47,22,21,26,39,14,4,6,1,1,2,0
SN,CS,shareera,309,1,8,47,21,22,26,41,13,4,6,1,1,2,0
SN,CS,shareera,310,1,8,47,20,21,26,42,14,3,5,0,1,2,0
SN,CS,shareera,311,1,8,49,17,22,27,45,15,2,4,0,0,1,0
SN,CS,shareera,312,1,8,51,16,23,28,46,15,2,2,0,0,1,0
SN,CS,shareera,313,1,8,52,14,24,29,48,16,1,2,0,0,1,0
SN,CS,shareera,314,0,8,54,15,24,30,50,17,0,1,0,0,1,0
SN,CS,shareera,315,0,7,54,16,24,29,50,18,0,1,0,0,1,0
SN,CS,shareera,316,0,7,54,16,24,29,50,18,0,1,0,0,1,0
SN,CS,shareera,317,0,6,55,15,24,29,50,19,0,1,0,0,1,0
SN,CS,shareera,318,0,5,55,15,24,29,50,20,0,1,0,0,1,0
SN,CS,shareera,319,0,5,54,16,24,29,50,20,0,1,0,0,1,0
SN,CS,shareera,320,0,5,53,17,24,29,50,20,0,1,0,0,1,0
SN,CS,shareera,321,0,5,53,16,24,29,51,20,0,1,0,0,1,0
SN,CS,shareera,322,0,6,53,16,24,29,51,19,0,1,0,0,1,0
SN,CS,shareera,323,0,7,53,16,24,29,51,18,0,1,0,0,1,0
SN,CS,shareera,324,0,7,52,17,24,28,52,18,0,1,0,0,1,0
SN,CS,shareera,325,0,7,52,17,24,27,53,18,0,1,0,0,1,0
SN,CS,shareera,326,0,7,54,17,25,27,52,18,0,0,0,0,0,0
SN,CS,shareera,327,0,7,54,17,25,26,53,18,0,0,0,0,0,0
SN,CS,shareera,328,0,6,54,17,25,26,53,19,0,0,0,0,0,0
SN,CS,shareera,329,0,6,54,16,25,26,54,19,0,0,0,0,0,0
SN,CS,shareera,330,0,7,54,16,25,26,54,18,0,0,0,0,0,0
SN,CS,shareera,331,0,7,54,17,25,26,53,18,0,0,0,0,0,0
SN,CS,shareera,332,0,6,53,18,25,26,53,19,0,0,0,0,0,0
SN,CS,shareera,333,0,5,53,18,25,26,53,20,0,0,0,0,0,0
SN,CS,shareera,334,0,4,53,19,25,26,52,21,0,0,0,0,0,0
SN,CS,shareera,335,0,4,53,19,25,26,52,21,0,0,0,0,0,0
SN,CS,shareera,336,0,5,54,19,25,26,51,20,0,0,0,0,0,0
SN,CS,shareera,337,0,5,55,18,25,25,52,20,0,0,0,0,0,0
SN,CS,shareera,338,0,6,55,17,26,25,52,19,0,0,0,0,0,0
SN,CS,shareera,339,0,6,55,17,26,25,52,19,0,0,0,0,0,0
SN,CS,shareera,340,0,6,55,17,26,25,52,19,0,0,0,0,0,0
SN,CS,shareera,341,0,7,56,16,26,25,52,18,0,0,0,0,0,0
SN,CS,shareera,342,0,7,55,17,26,25,52,18,0,0,0,0,0,0
SN,CS,shareera,343,0,8,55,17,26,25,52,17,0,0,0,0,0,0
SN,CS,shareera,344,0,9,55,16,26,25,53,16,0,0,0,0,0,0
SN,CS,shareera,345,0,9,56,15,26,26,52,16,0,0,0,0,0,0
SN,CS,shareera,346,0,9,56,15,26,26,52,16,0,0,0,0,0,0
SN,CS,shareera,347,0,8,55,16,26,26,52,17,0,0,0,0,0,0
SN,CS,shareera,348,0,7,55,15,27,27,51,18,0,0,0,0,0,0
SN,CS,shareera,349,0,7,55,14,28,28,50,18,0,0,0,0,0,0
SN,CS,shareera,350,0,7,56,13,28,29,49,18,0,0,0,0,0,0
SN,CS,shareera,351,0,8,55,13,28,29,50,17,0,0,0,0,0,0
SN,CS,shareera,352,0,8,55,12,29,29,50,17,0,0,0,0,0,0
SN,CS,shareera,353,0,9,55,12,29,29,50,16,0,0,0,0,0,0
SN,CS,shareera,354,0,9,56,12,29,29,49,16,0,0,0,0,0,0
SN,CS,shareera,355,0,9,57,11,29,30,48,16,0,0,0,0,0,0
SN,CS,shareera,356,0,9,57,11,29,30,48,16,0,0,0,0,0,0
SN,CS,shareera,357,0,9,57,10,29,31,48,16,0,0,0,0,0,0
SN,CS,shareera,358,0,9,57,10,29,32,47,16,0,0,0,0,0,0
SN,CS,shareera,359,0,9,57,9,29,33,47,16,0,0,0,0,0,0
SN,CS,shareera,360,0,9,57,9,29,34,46,16,0,0,0,0,0,0
SN,CS,shareera,361,0,9,56,9,29,35,46,16,0,0,0,0,0,0
SN,CS,shareera,362,0,9,55,10,29,35,46,16,0,0,0,0,0,0
SN,CS,shareera,363,0,8,55,10,28,36,46,17,0,0,0,0,0,0
SN,CS,shareera,364,0,8,55,10,28,36,46,17,0,0,0,0,0,0
SN,CS,shareera,365,0,8,55,10,28,36,46,17,0,0,0,0,0,0
SN,CS,shareera,366,0,8,54,10,28,36,47,17,0,0,0,0,0,0
SN,CS,shareera,367,0,8,54,9,28,37,47,17,0,0,0,0,0,0
SN,CS,shareera,368,0,7,54,9,28,37,47,18,0,0,0,0,0,0
SN,CS,shareera,369,0,7,54,9,28,38,46,18,0,0,0,0,0,0
SN,CS,shareera,370,0,7,53,10,28,37,47,18,0,0,0,0,0,0
SN,CS,shareera,371,0,7,53,11,28,38,45,18,0,0,0,0,0,0
SN,CS,shareera,372,0,7,53,11,28,38,45,18,0,0,0,0,0,0
SN,CS,shareera,373,0,8,53,11,27,38,46,17,0,0,0,0,0,0
SN,CS,shareera,374,0,7,53,11,26,37,48,18,0,0,0,0,0,0
SN,CS,shareera,375,0,8,52,12,26,37,48,17,0,0,0,0,0,0
SN,CS,shareera,376,0,7,52,12,26,38,47,18,0,0,0,0,0,0
SN,CS,shareera,377,0,7,52,13,25,38,47,18,0,0,0,0,0,0
SN,CS,shareera,378,0,6,52,13,25,39,46,19,0,0,0,0,0,0
SN,CS,shareera,379,0,6,51,14,25,39,46,19,0,0,0,0,0,0
SN,CS,shareera,380,0,5,48,15,24,37,45,20,0,0,0,0,0,0
SN,CS,shareera,381,0,5,48,15,24,38,44,20,0,0,0,0,0,0
SN,CS,shareera,382,0,5,48,16,24,38,43,20,0,0,0,0,0,0
SN,CS,shareera,383,0,5,46,20,24,36,45,20,1,2,0,0,0,0
SN,CS,shareera,384,0,5,45,24,23,34,43,19,2,2,0,0,0,0
SN,CS,shareera,385,1,5,43,23,23,32,42,18,3,3,0,0,0,0
SN,CS,shareera,386,1,4,55,32,25,44,49,18,11,12,0,0,4,0
SN,CS,shareera,387,1,4,57,34,28,43,50,17,12,15,0,0,5,0
SN,CS,shareera,388,1,4,60,39,29,42,53,16,21,17,0,0,8,0
SN,CS,shareera,389,1,4,58,38,28,41,52,15,22,17,0,0,9,0
SN,CS,shareera,390,1,4,56,40,27,40,51,14,25,20,0,0,9,0
SN,CS,shareera,391,1,3,55,41,28,41,49,15,25,23,0,0,9,0
SN,CS,shareera,392,1,3,54,41,28,39,47,15,25,23,0,0,9,0
SN,CS,shareera,393,2,3,55,44,30,40,46,14,30,26,0,0,16,0
SN,CS,shareera,394,3,2,53,45,29,39,44,14,30,26,0,0,16,0
SN,CS,shareera,395,3,2,55,46,29,40,43,14,34,26,0,0,18,0
SN,CS,shareera,396,4,2,53,46,28,38,42,13,34,26,0,0,19,0
SN,CS,shareera,397,4,2,58,52,31,44,44,12,43,29,0,0,24,0
SN,CS,shareera,398,4,1,58,55,33,43,44,12,44,34,0,0,27,0
SN,CS,shareera,399,5,1,58,58,32,43,43,11,47,38,0,0,28,0
SN,CS,shareera,400,5,0,57,59,33,41,44,12,49,38,0,0,28,0
SN,CS,shareera,401,5,0,56,60,32,39,42,12,49,38,0,0,28,0
SN,CS,shareera,402,6,0,55,60,31,40,41,11,49,39,0,0,28,0
SN,CS,shareera,403,6,1,62,66,35,42,46,10,54,40,0,0,30,0
SN,CS,shareera,404,6,1,60,66,34,41,44,10,54,41,0,0,30,0
SN,CS,shareera,405,7,1,60,66,34,43,45,9,54,42,0,0,31,0
SN,CS,shareera,406,7,1,62,68,36,45,47,8,56,43,0,0,32,0
SN,CS,shareera,407,7,1,61,68,35,43,46,8,56,43,0,0,32,0
SN,CS,shareera,408,7,2,63,66,34,44,46,7,58,45,0,0,37,0
SN,CS,shareera,409,7,2,66,65,34,46,47,8,58,45,0,0,39,0
SN,CS,shareera,410,6,2,73,76,36,52,53,9,70,51,0,0,43,0
SN,CS,shareera,411,6,2,67,74,35,42,52,9,66,45,0,1,44,0
SN,CS,shareera,412,6,2,64,73,33,44,51,9,70,47,0,1,45,0
SN,CS,shareera,413,6,2,61,69,32,47,47,9,61,46,0,2,42,0
SN,CS,shareera,414,7,2,62,72,33,47,47,9,62,49,0,2,43,0
SN,CS,shareera,415,7,2,62,70,33,47,46,10,60,47,0,2,43,0
SN,CS,shareera,416,7,2,63,70,31,46,47,9,61,44,0,2,43,0
SN,CS,shareera,417,7,2,69,76,34,50,56,8,64,46,0,2,43,1
SN,CS,shareera,418,6,2,67,73,31,48,55,9,59,43,0,2,36,1
SN,CS,shareera,419,5,2,69,75,31,49,56,9,60,43,0,2,37,1
SN,CS,shareera,420,5,2,68,78,33,49,59,8,56,43,0,2,38,2
SN,CS,shareera,421,4,2,70,79,33,51,62,8,59,47,0,2,38,3
SN,CS,shareera,422,4,2,64,73,31,45,58,8,51,46,0,2,33,3
SN,CS,shareera,423,4,2,71,73,30,50,58,8,52,42,0,2,30,3
SN,CS,shareera,424,3,2,69,71,30,49,56,9,49,39,0,2,29,3
SN,CS,shareera,425,3,2,69,71,28,50,54,8,49,39,0,2,30,3
SN,CS,shareera,426,3,2,72,71,31,51,57,7,52,41,0,3,32,3
SN,CS,shareera,427,2,2,74,76,33,52,58,7,54,42,0,3,34,4
SN,CS,shareera,428,2,1,72,73,32,49,61,7,58,43,0,3,35,4
SN,CS,shareera,429,2,1,77,76,32,50,64,6,60,42,1,3,37,4
SN,CS,shareera,430,1,1,79,78,33,50,64,6,63,42,1,3,37,4
SN,CS,shareera,431,1,1,84,86,33,48,65,7,66,43,1,3,36,4
SN,CS,shareera,432,1,1,84,88,34,49,66,6,69,43,1,3,38,5
SN,CS,shareera,433,1,0,86,93,39,53,67,6,73,41,1,3,35,5
SN,CS,shareera,434,2,0,90,95,47,56,73,5,82,47,1,3,36,5
SN,CS,shareera,435,2,0,85,86,46,52,68,4,72,42,1,3,34,6
SN,CS,shareera,436,2,0,82,86,45,51,61,4,71,43,1,2,29,6
SN,CS,shareera,437,2,0,84,89,44,49,61,4,70,40,1,2,27,6
SN,CS,shareera,438,3,0,85,89,46,47,67,4,72,42,1,1,28,6
SN,CS,shareera,439,2,0,84,89,45,48,70,4,72,39,1,1,26,6
SN,CS,shareera,440,2,0,87,91,46,49,77,4,73,39,1,1,28,6
SN,CS,shareera,441,3,0,85,92,46,49,80,4,74,40,1,1,31,6
SN,CS,shareera,442,4,0,88,96,46,52,78,4,75,41,1,1,33,5
SN,CS,shareera,443,4,1,94,99,50,53,81,3,81,45,1,1,37,5
SN,CS,shareera,444,4,1,94,100,50,53,82,3,83,45,1,1,37,5
SN,CS,shareera,445,4,2,93,98,49,53,80,3,85,46,1,1,34,4
SN,CS,shareera,446,4,2,93,97,50,52,78,3,83,42,1,1,33,3
SN,CS,shareera,447,4,2,94,97,48,52,78,4,83,40,1,1,33,3
SN,CS,shareera,448,4,2,85,95,46,47,77,5,82,40,1,1,33,3
SN,CS,shareera,449,4,2,88,94,46,48,78,5,82,39,1,1,33,3
SN,CS,shareera,450,4,2,88,93,47,48,78,6,80,40,1,1,32,3
SN,CS,shareera,451,4,2,85,94,44,48,75,7,78,38,1,0,30,3
SN,CS,shareera,452,4,2,82,90,42,46,73,8,77,37,1,0,28,2
SN,CS,shareera,453,4,2,75,86,38,45,66,8,69,37,1,1,25,2
SN,CS,shareera,454,4,2,70,83,38,45,64,9,68,38,0,1,23,2
SN,CS,shareera,455,4,2,69,80,37,44,63,10,66,39,0,1,22,2
SN,CS,shareera,456,4,2,61,72,34,43,59,10,61,37,0,1,22,2
SN,CS,shareera,457,4,2,61,71,33,43,58,11,59,37,0,1,20,1
SN,CS,shareera,458,4,3,57,65,28,39,55,11,52,36,0,1,18,1
SN,CS,shareera,459,3,3,52,60,20,35,49,12,42,30,0,1,15,1
SN,CS,shareera,460,3,3,50,62,18,33,49,12,39,29,0,2,13,0
SN,CS,shareera,461,3,3,45,55,18,32,49,13,36,26,0,2,13,0
SN,CS,shareera,462,3,3,42,50,18,33,47,14,34,25,0,2,13,0
SN,CS,shareera,463,2,3,41,51,15,32,40,15,32,22,0,2,12,0
SN,CS,shareera,464,2,3,41,52,15,31,36,15,31,23,0,2,12,0
SN,CS,shareera,465,3,3,38,49,15,30,29,14,30,23,0,2,10,0
SN,CS,shareera,466,2,3,43,53,16,32,32,14,31,24,0,2,9,0
SN,CS,shareera,467,1,3,36,46,14,25,25,14,28,22,0,2,9,0
SN,CS,shareera,468,1,2,34,42,11,25,22,14,25,20,0,2,6,0
SN,CS,shareera,469,1,2,33,38,12,24,20,14,25,21,0,2,6,0
SN,CS,shareera,470,2,1,34,35,10,23,21,14,24,20,0,2,6,0
SN,CS,shareera,471,3,1,34,36,10,22,24,14,25,21,0,2,7,0
SN,CS,shareera,472,3,1,34,40,10,22,26,13,29,23,0,3,9,0
SN,CS,shareera,473,3,1,37,45,10,24,27,12,29,23,0,3,11,0
SN,CS,shareera,474,3,2,40,48,11,24,29,11,30,25,0,3,13,0
SN,CS,shareera,475,3,3,47,57,12,26,34,10,33,28,0,3,13,0
SN,CS,shareera,476,3,3,50,64,14,29,46,10,34,31,0,3,18,0
SN,CS,shareera,477,3,4,50,64,15,28,47,9,33,31,0,3,20,0
SN,CS,shareera,478,3,4,57,66,15,29,47,9,32,33,0,2,21,0
SN,CS,shareera,479,3,4,57,67,16,28,46,8,34,32,0,2,21,0
SN,CS,shareera,480,3,4,57,68,18,27,47,7,33,30,0,3,21,0
SN,CS,shareera,481,3,4,60,66,19,26,47,6,36,30,0,3,21,0
SN,CS,shareera,482,3,4,62,64,20,26,50,6,35,31,0,3,21,0
SN,CS,shareera,483,3,3,63,67,21,25,51,7,37,32,0,3,21,0
SN,CS,shareera,484,3,4,61,68,22,24,50,6,38,33,0,3,21,0
SN,CS,shareera,485,3,4,69,74,23,25,56,6,44,32,0,2,21,0
SN,CS,shareera,486,3,4,70,74,23,23,56,5,44,32,0,2,21,0
SN,CS,shareera,487,3,5,71,79,22,22,58,4,45,34,0,2,21,0
SN,CS,shareera,488,3,5,73,84,23,23,62,3,48,34,0,2,21,0
SN,CS,shareera,489,3,5,73,80,23,25,63,3,47,34,0,3,21,0
SN,CS,shareera,490,3,5,74,84,22,25,64,3,46,33,0,3,21,0
SN,CS,shareera,491,3,6,70,81,23,23,57,3,45,32,0,3,19,0
SN,CS,shareera,492,3,6,71,81,21,26,58,4,44,32,0,3,18,0
SN,CS,shareera,493,3,6,70,86,25,26,59,4,45,35,0,3,20,1
SN,CS,shareera,494,3,6,74,92,24,30,63,4,44,35,0,3,19,1
SN,CS,shareera,495,2,6,73,96,25,29,62,4,45,36,0,4,21,1
SN,CS,shareera,496,1,6,75,95,26,30,59,5,43,35,0,4,20,1
SN,CS,shareera,497,1,6,74,90,26,30,58,6,39,34,0,3,18,1
SN,CS,shareera,498,1,6,71,85,28,29,56,6,41,33,0,3,16,1
SN,CS,shareera,499,1,5,66,82,27,29,56,6,40,33,0,3,14,1
SN,CS,shareera,500,1,4,59,77,26,26,52,6,37,30,0,3,14,1
SN,CS,shareera,501,2,4,56,71,24,23,41,5,36,28,0,3,9,1
SN,CS,shareera,502,2,3,64,74,27,28,47,5,41,28,0,3,10,1
SN,CS,shareera,503,2,3,59,75,27,27,46,6,42,25,0,3,9,1
SN,CS,shareera,504,2,3,61,81,31,33,53,6,45,27,0,3,14,1
SN,CS,shareera,505,2,3,61,83,29,34,53,7,46,30,0,2,15,1
SN,CS,shareera,506,2,3,59,85,29,35,56,7,45,30,0,2,16,1
SN,CS,shareera,507,2,4,61,86,29,34,54,6,47,31,0,2,16,1
SN,CS,shareera,508,2,4,65,83,29,35,56,5,45,29,0,2,17,2
SN,CS,shareera,509,2,4,66,85,29,38,57,5,48,28,0,2,18,2
SN,CS,shareera,510,2,4,61,79,28,37,52,5,42,29,0,2,19,2
SN,CS,shareera,511,3,4,67,82,27,39,52,5,43,29,0,2,20,2
SN,CS,shareera,512,3,3,71,81,27,42,53,6,41,26,0,2,21,2
SN,CS,shareera,513,3,3,68,75,26,40,49,6,41,28,0,2,22,2
SN,CS,shareera,514,3,3,68,77,27,39,49,7,44,29,0,1,23,2
SN,CS,shareera,515,2,4,67,77,28,40,48,7,45,29,0,1,24,2
SN,CS,shareera,516,2,3,66,75,27,40,49,7,43,28,0,1,24,2
SN,CS,shareera,517,2,3,64,80,29,39,51,6,44,28,0,1,23,2
SN,CS,shareera,518,2,3,61,78,26,38,52,6,40,23,0,1,22,1
SN,CS,shareera,519,2,3,57,74,28,35,51,7,40,23,0,1,22,1
SN,CS,shareera,520,2,3,66,80,30,37,56,7,45,30,0,0,27,1
SN,CS,shareera,521,2,3,71,84,31,42,64,6,52,33,0,1,30,1
SN,CS,shareera,522,2,3,80,87,36,49,66,5,59,36,0,1,35,1
SN,CS,shareera,523,2,4,82,90,38,47,68,5,57,39,0,1,35,1
SN,CS,shareera,524,2,4,83,92,38,47,66,5,61,38,0,1,35,1
SN,CS,shareera,525,2,4,87,90,38,48,67,6,63,37,0,1,35,1
SN,CS,shareera,526,1,4,86,90,39,48,68,6,63,37,0,1,36,1
SN,CS,shareera,527,1,4,79,86,36,43,61,6,59,38,0,1,33,1
SN,CS,shareera,528,1,4,78,84,37,43,60,5,58,39,1,1,33,1
SN,CS,shareera,529,1,4,78,82,32,39,54,6,53,38,1,1,29,1
SN,CS,shareera,530,1,4,77,84,33,39,56,5,54,37,1,1,30,1
SN,CS,shareera,531,1,4,75,82,32,39,53,6,53,39,1,1,30,1
SN,CS,shareera,532,1,3,71,82,32,39,53,7,55,38,1,1,30,1
SN,CS,shareera,533,1,3,70,86,31,40,54,8,57,40,1,1,30,0
SN,CS,shareera,534,1,2,72,84,31,41,56,8,55,43,1,1,31,0
SN,CS,shareera,535,2,2,73,82,32,41,60,8,57,42,1,1,30,0
SN,CS,shareera,536,1,2,67,82,32,42,64,8,57,42,1,1,30,0
SN,CS,shareera,537,1,2,63,80,34,39,65,8,59,43,1,1,29,0
SN,CS,shareera,538,1,2,66,82,34,40,67,9,57,42,1,1,29,0
SN,CS,shareera,539,2,2,71,83,34,42,67,8,55,42,1,1,30,0
SN,CS,shareera,540,3,1,71,85,34,41,72,8,54,42,1,1,29,0
SN,CS,shareera,541,3,1,73,85,33,41,71,9,56,45,1,1,30,0
SN,CS,shareera,542,4,1,73,80,31,43,69,9,56,46,1,1,32,0
SN,CS,shareera,543,5,1,73,81,31,45,69,9,57,46,1,1,31,0
SN,CS,shareera,544,6,1,75,80,32,43,66,8,58,46,1,1,31,0
SN,CS,shareera,545,6,1,66,72,30,43,60,9,52,40,1,1,26,0
SN,CS,shareera,546,7,1,59,67,27,41,52,9,45,39,1,0,25,0
SN,CS,shareera,547,7,1,50,68,22,34,50,9,37,36,1,0,20,0
SN,CS,shareera,548,7,0,49,66,19,36,49,10,38,33,1,0,21,0
SN,CS,shareera,549,7,0,48,66,21,35,50,10,35,35,1,0,22,0
SN,CS,shareera,550,7,0,44,66,21,34,48,9,35,36,1,0,23,0
SN,CS,shareera,551,7,0,45,67,21,33,46,10,35,35,1,0,22,0
SN,CS,shareera,552,7,1,51,69,26,35,50,10,42,42,1,0,23,0
SN,CS,shareera,553,7,1,52,72,27,36,54,10,48,44,0,0,23,0
SN,CS,shareera,554,7,1,52,68,27,34,53,9,48,44,1,0,22,0
SN,CS,shareera,555,7,1,55,63,26,34,51,10,46,42,1,0,20,0
SN,CS,shareera,556,7,2,55,62,26,35,53,9,45,41,1,0,19,0
SN,CS,shareera,557,7,2,54,62,25,36,53,9,42,41,1,0,19,0
SN,CS,shareera,558,7,2,50,58,25,36,48,9,40,40,1,0,18,0
SN,CS,shareera,559,7,3,48,58,24,33,46,9,38,37,1,0,16,0
SN,CS,shareera,560,6,4,44,58,24,35,40,9,36,37,1,0,16,0
SN,CS,shareera,561,6,4,44,57,24,33,35,10,35,37,1,0,15,0
SN,CS,shareera,562,6,4,43,60,25,33,33,10,33,38,1,0,15,0
SN,CS,shareera,563,6,4,39,59,25,32,31,10,33,38,1,0,15,0
SN,CS,shareera,564,6,4,34,56,25,29,30,10,33,37,1,0,13,0
SN,CS,shareera,565,6,4,37,50,24,29,26,10,33,39,1,0,14,0
SN,CS,shareera,566,6,5,38,59,24,30,29,9,36,41,1,0,15,0
SN,CS,shareera,567,5,5,38,61,27,27,32,9,41,41,1,0,17,1
SN,CS,shareera,568,4,5,38,60,26,28,34,10,43,44,1,0,18,1
SN,CS,shareera,569,3,5,37,63,24,29,36,11,40,45,1,0,18,1
SN,CS,shareera,570,3,5,50,75,28,30,45,10,48,44,2,0,19,1
SN,CS,shareera,571,2,5,50,78,29,27,46,10,49,43,2,0,19,1
SN,CS,shareera,572,2,5,50,77,29,29,47,11,51,43,2,0,22,1
SN,CS,shareera,573,2,6,50,76,28,27,47,10,50,43,2,0,22,1
SN,CS,shareera,574,2,6,51,76,27,29,47,10,51,42,2,1,21,1
SN,CS,shareera,575,2,6,52,73,26,30,50,10,50,42,3,1,20,1
SN,CS,shareera,576,2,6,54,71,26,30,53,9,50,43,3,1,20,2
SN,CS,shareera,577,3,5,48,69,20,28,50,9,42,34,3,1,19,2
SN,CS,shareera,578,3,5,49,65,18,27,47,10,36,31,3,1,19,2
SN,CS,shareera,579,3,5,49,65,18,28,47,10,35,30,2,1,19,3
SN,CS,shareera,580,4,5,49,67,20,29,53,9,38,30,2,1,19,3
SN,CS,shareera,581,4,4,51,68,21,27,53,9,38,30,2,1,19,3
SN,CS,shareera,582,4,4,51,68,21,26,56,9,38,29,2,1,20,3
SN,CS,shareera,583,4,4,53,67,21,24,57,9,38,28,2,1,20,3
SN,CS,shareera,584,4,3,52,67,21,23,57,9,39,28,2,1,20,4
SN,CS,shareera,585,4,2,53,65,21,23,60,9,39,29,2,1,21,4
SN,CS,shareera,586,4,2,53,64,21,23,60,8,41,29,2,1,21,4
SN,CS,shareera,587,4,2,56,61,21,26,64,8,41,29,2,1,25,4
SN,CS,shareera,588,5,2,70,70,32,41,73,7,48,37,2,1,31,4
SN,CS,shareera,589,4,2,73,73,33,46,76,7,49,41,3,1,32,4
SN,CS,shareera,590,3,2,71,75,35,47,77,7,50,39,3,1,31,5
SN,CS,shareera,591,3,1,70,65,35,46,76,7,46,35,3,1,29,5
SN,CS,shareera,592,3,1,68,63,33,45,72,7,40,33,3,1,26,4
SN,CS,shareera,593,3,1,102,95,59,56,91,6,61,43,3,1,38,4
SN,CS,shareera,594,3,1,101,91,60,56,91,5,62,41,3,1,38,4
SN,CS,shareera,595,3,1,87,78,55,55,81,6,53,41,2,1,35,4
SN,CS,shareera,596,3,1,86,75,54,56,80,7,52,41,2,1,33,4
SN,CS,shareera,597,3,1,87,72,54,55,78,7,51,40,2,1,30,4
SN,CS,shareera,598,3,0,86,73,54,56,77,8,51,41,2,1,29,4
SN,CS,shareera,599,3,0,85,73,53,55,76,9,49,39,2,0,29,4
SN,CS,shareera,600,3,0,85,75,53,55,73,10,48,38,1,0,29,4
SN,CS,shareera,601,3,0,82,73,53,58,71,11,47,37,1,0,29,3
SN,CS,shareera,602,2,0,83,72,54,59,71,12,47,37,1,0,29,3
SN,CS,shareera,603,2,0,80,73,54,60,72,12,48,36,1,0,29,3
SN,CS,shareera,604,2,0,79,73,54,60,72,13,49,36,1,0,29,2
SN,CS,shareera,605,1,0,77,73,52,59,65,14,47,36,1,0,29,2
SN,CS,shareera,606,1,0,75,73,52,60,63,15,48,36,1,0,29,2
SN,CS,shareera,607,1,0,76,75,52,61,59,15,47,36,1,0,28,2
SN,CS,shareera,608,1,0,74,75,52,62,60,15,47,37,1,0,28,2
SN,CS,shareera,609,1,1,73,75,52,64,59,15,47,38,1,0,28,1
SN,CS,shareera,610,1,1,75,76,51,63,56,16,47,37,1,0,27,1
SN,CS,shareera,611,1,1,76,76,51,63,57,17,45,36,1,0,27,1
SN,CS,shareera,612,1,1,74,75,48,62,51,17,44,35,1,0,23,1
SN,CS,shareera,613,0,1,60,65,37,50,42,18,36,27,1,0,16,1
SN,CS,shareera,614,0,1,57,62,35,47,40,19,35,23,0,0,15,1
SN,CS,shareera,615,0,1,57,62,33,47,38,20,34,24,0,0,15,0
SN,CS,shareera,616,0,1,56,65,33,47,35,21,33,23,0,0,15,0
SN,CS,shareera,617,0,1,56,63,32,49,35,22,33,25,0,0,14,0
SN,CS,shareera,618,0,1,21,30,6,35,14,22,9,13,1,0,0,0
SN,CS,shareera,619,0,2,21,32,4,35,13,22,8,13,1,0,0,0
SN,CS,shareera,620,0,2,21,33,4,34,13,22,8,13,1,0,0,0
SN,CS,shareera,621,0,2,20,34,5,33,12,22,8,14,1,0,0,0
SN,CS,shareera,622,0,2,18,36,5,32,12,22,8,15,1,0,0,0
SN,CS,shareera,623,1,2,18,34,6,31,12,21,8,15,1,0,0,0
SN,CS,shareera,624,1,2,17,32,6,32,11,21,10,16,1,0,0,0
SN,CS,shareera,625,1,2,16,31,7,32,14,20,11,16,1,1,0,0
SN,CS,shareera,626,1,2,16,31,7,30,15,19,11,17,1,1,0,0
SN,CS,shareera,627,1,2,15,33,8,32,15,18,12,19,1,1,0,0
SN,CS,shareera,628,1,3,16,35,8,31,15,17,14,19,1,1,0,0
SN,CS,shareera,629,1,3,15,35,8,30,18,16,13,22,1,1,1,0
SN,CS,shareera,630,1,3,15,35,9,30,19,15,12,22,1,2,1,0
SN,CS,shareera,631,1,3,17,35,12,29,21,14,12,21,1,3,1,0
SN,CS,shareera,632,1,3,17,35,13,31,24,13,14,21,2,3,4,0
SN,CS,shareera,633,2,3,17,38,14,30,25,12,15,21,2,3,4,0
SN,CS,shareera,634,2,2,23,43,17,29,27,13,16,25,2,3,5,0
SN,CS,shareera,635,2,2,24,50,20,33,28,12,18,28,2,4,6,0
SN,CS,shareera,636,2,2,24,56,21,32,29,11,22,32,2,4,8,0
SN,CS,shareera,637,2,2,24,59,22,33,31,10,25,32,2,5,13,0
SN,CS,shareera,638,2,3,27,61,24,30,32,9,26,37,2,5,14,0
SN,CS,shareera,639,2,3,29,63,25,30,32,9,25,36,2,5,14,0
SN,CS,shareera,640,2,3,30,68,27,32,33,8,30,36,2,5,14,1
SN,CS,shareera,641,2,3,33,75,34,34,40,7,34,39,2,5,14,1
SN,CS,shareera,642,3,3,41,81,39,36,49,6,39,41,2,5,19,1
SN,CS,shareera,643,4,3,42,80,38,36,49,6,39,41,1,5,19,1
SN,CS,shareera,644,4,2,43,81,38,35,49,7,41,43,1,5,19,1
SN,CS,shareera,645,4,2,43,81,39,36,50,6,43,43,1,5,19,1
SN,CS,shareera,646,4,2,46,80,39,37,55,5,45,42,1,5,19,1
SN,CS,shareera,647,4,3,47,78,39,36,55,4,45,43,1,5,19,1
SN,CS,shareera,648,3,4,53,84,40,40,56,4,45,47,1,5,20,1
SN,CS,shareera,649,3,5,54,84,40,38,57,3,44,48,1,5,20,1
SN,CS,shareera,650,3,6,54,87,40,37,54,3,43,48,1,4,20,1
SN,CS,shareera,651,3,6,54,91,41,37,54,3,44,47,1,4,21,1
SN,CS,shareera,652,3,6,59,92,42,35,55,3,45,47,1,4,24,1
SN,CS,shareera,653,4,5,59,90,43,38,56,3,44,49,1,4,26,1
SN,CS,shareera,654,4,5,60,89,44,40,54,3,44,46,1,4,26,2
SN,CS,shareera,655,5,5,59,88,45,39,54,3,45,46,1,3,26,2
SN,CS,shareera,656,5,5,63,97,43,41,59,3,49,49,1,2,26,3
SN,CS,shareera,657,6,5,62,98,42,40,58,3,48,49,0,2,23,3
SN,CS,shareera,658,5,6,63,100,41,41,56,3,47,50,0,2,23,3
SN,CS,shareera,659,6,6,59,96,38,42,54,2,46,45,0,2,22,3
SN,CS,shareera,660,6,6,55,91,36,37,53,2,44,42,0,1,23,3
SN,CS,shareera,661,6,6,53,86,36,38,51,2,41,38,1,1,22,3
SN,CS,shareera,662,6,6,53,83,36,35,51,2,39,37,1,0,18,3
SN,CS,shareera,663,6,5,52,81,34,37,50,3,38,31,1,0,17,3
SN,CS,shareera,664,6,5,51,80,34,37,52,2,40,33,1,1,17,3
SN,CS,shareera,665,6,5,57,80,36,36,60,2,44,37,1,1,19,3
SN,CS,shareera,666,6,5,56,72,31,37,57,3,43,35,1,1,19,3
SN,CS,shareera,667,6,5,55,78,35,36,62,3,51,39,1,1,22,3
SN,CS,shareera,668,5,5,57,86,37,36,64,3,55,41,1,1,22,4
SN,CS,shareera,669,5,5,55,87,38,36,64,3,53,40,1,1,23,4
SN,CS,shareera,670,5,5,60,89,39,34,64,3,57,45,1,1,24,4
SN,CS,shareera,671,6,5,58,92,41,37,60,3,63,48,1,1,24,4
SN,CS,shareera,672,6,4,61,92,41,40,62,3,63,47,1,1,24,4
SN,CS,shareera,673,6,3,56,88,40,36,63,4,64,43,1,1,23,4
SN,CS,shareera,674,6,2,58,89,40,37,64,4,66,46,1,1,24,4
SN,CS,shareera,675,6,1,58,85,39,38,64,4,67,46,1,1,25,4
SN,CS,shareera,676,6,1,60,83,37,37,63,4,67,50,1,1,24,4
SN,CS,shareera,677,7,1,57,82,35,36,62,4,67,50,1,1,24,4
SN,CS,shareera,678,7,1,58,84,35,34,65,4,65,51,1,1,23,4
SN,CS,shareera,679,8,1,59,87,35,34,65,4,67,54,1,1,23,3
SN,CS,shareera,680,7,1,59,87,33,34,64,5,66,54,1,1,23,3
SN,CS,shareera,681,8,1,56,79,31,33,57,5,63,51,1,1,23,2
SN,CS,shareera,682,7,2,59,76,31,33,57,5,63,54,1,1,23,2
SN,CS,shareera,683,7,1,58,70,32,33,57,5,63,52,1,2,23,2
SN,CS,shareera,684,6,1,56,68,32,31,58,5,62,54,1,3,24,2
SN,CS,shareera,685,6,1,56,66,32,32,58,5,63,54,1,4,22,2
SN,CS,shareera,686,6,2,64,72,36,39,66,5,66,55,0,4,23,2
SN,CS,shareera,687,6,2,66,76,39,39,65,5,67,57,1,4,23,2
SN,CS,shareera,688,6,2,64,75,40,38,68,4,68,58,1,4,23,2
SN,CS,shareera,689,7,2,71,81,40,38,71,4,66,56,1,3,24,2
SN,CS,shareera,690,7,2,65,76,36,36,64,4,57,52,1,3,22,2
SN,CS,shareera,691,7,2,63,76,35,33,60,3,54,51,1,3,22,2
SN,CS,shareera,692,6,2,57,64,27,31,48,3,41,43,1,3,15,2
SN,CS,shareera,693,6,2,57,56,25,31,46,3,37,40,1,4,15,1
SN,CS,shareera,694,6,2,59,52,24,32,45,3,39,39,1,4,14,1
SN,CS,shareera,695,6,2,54,51,22,33,44,4,33,33,1,4,13,1
SN,CS,shareera,696,5,2,54,48,19,30,44,5,25,30,1,4,13,1
SN,CS,shareera,697,5,2,50,49,19,28,42,6,25,31,1,4,13,1
SN,CS,shareera,698,5,3,50,48,18,29,40,5,25,30,1,4,13,1
SN,CS,shareera,699,5,3,48,47,19,29,38,6,23,26,1,4,12,1
SN,CS,shareera,700,5,3,47,47,20,29,40,7,23,26,1,4,11,1
SN,CS,shareera,701,5,3,46,48,21,29,41,8,24,24,1,4,12,1
SN,CS,shareera,702,4,3,43,49,20,30,40,8,23,22,1,4,9,1
SN,CS,shareera,703,4,3,41,46,20,29,34,8,24,20,1,4,8,1
SN,CS,shareera,704,3,3,42,44,20,30,35,8,25,18,1,4,8,1
SN,CS,shareera,705,3,3,51,55,25,40,42,7,32,23,1,4,12,1
SN,CS,shareera,706,2,3,49,56,26,39,44,7,34,24,1,4,12,1
SN,CS,shareera,707,2,2,46,56,28,37,43,7,34,21,1,4,13,2
SN,CS,shareera,708,2,3,63,77,30,43,57,7,50,30,1,3,13,2
SN,CS,shareera,709,2,3,64,79,30,43,57,7,53,28,1,2,12,3
SN,CS,shareera,710,2,4,67,79,31,43,58,7,52,28,1,1,12,3
SN,CS,shareera,711,2,3,62,74,26,36,50,7,48,27,1,1,10,4
SN,CS,shareera,712,3,3,60,69,22,36,50,7,46,26,0,1,9,4
SN,CS,shareera,713,3,3,61,72,22,35,50,7,47,26,1,1,9,4
SN,CS,shareera,714,2,3,55,65,21,33,46,7,47,26,1,1,8,4
SN,CS,shareera,715,2,4,56,65,24,35,50,7,53,27,1,1,9,3
SN,CS,shareera,716,2,4,60,68,24,35,52,7,53,29,1,1,10,4
SN,CS,shareera,717,2,5,70,81,24,36,60,7,60,34,1,1,11,4
SN,CS,shareera,718,2,5,69,81,24,36,58,8,60,34,1,0,13,4
SN,CS,shareera,719,2,5,67,84,24,35,58,7,58,34,1,0,14,4
SN,CS,shareera,720,2,5,66,81,24,35,58,6,60,35,1,0,14,4
SN,CS,shareera,721,2,5,70,87,27,39,59,5,66,38,1,0,15,5
SN,CS,shareera,722,2,5,70,89,27,38,60,4,65,37,1,1,16,5
SN,CS,shareera,723,2,4,70,88,28,37,62,4,63,37,1,1,19,5
SN,CS,shareera,724,2,4,71,89,28,37,64,3,65,37,1,1,19,6
SN,CS,shareera,725,2,5,84,102,31,47,74,2,77,39,1,1,23,6
SN,CS,shareera,726,2,5,84,99,30,47,73,1,76,37,1,1,22,6
SN,CS,shareera,727,2,5,101,107,34,60,81,1,81,37,1,1,27,7
SN,CS,shareera,728,1,5,103,108,33,60,83,1,81,37,1,1,28,7
SN,CS,shareera,729,1,6,103,106,32,57,82,1,82,38,1,1,29,7
SN,CS,shareera,730,1,6,94,96,28,47,79,1,76,33,1,1,25,7
SN,CS,shareera,731,1,6,94,94,27,47,80,1,76,33,1,1,25,7
SN,CS,shareera,732,1,6,94,94,27,48,80,1,77,33,1,1,24,6
SN,CS,shareera,733,1,5,78,74,24,41,67,1,62,25,1,2,24,6
SN,CS,shareera,734,1,5,77,72,25,42,67,2,60,26,1,2,24,5
SN,CS,shareera,735,1,4,75,74,23,41,66,2,61,26,1,2,24,5
SN,CS,shareera,736,2,4,72,71,24,40,66,2,62,27,1,2,24,4
SN,CS,shareera,737,2,4,74,72,24,42,68,2,65,27,1,2,24,4
SN,CS,shareera,738,2,4,73,73,23,42,66,3,66,28,0,2,26,4
SN,CS,shareera,739,2,4,74,74,23,45,66,4,70,30,0,2,26,4
SN,CS,shareera,740,2,4,73,75,21,44,64,4,67,29,0,2,25,4
SN,CS,shareera,741,2,4,69,73,22,44,63,4,69,27,0,2,24,4
SN,CS,shareera,742,2,3,61,60,25,44,54,5,66,23,0,2,22,4
SN,CS,shareera,743,2,4,59,60,25,44,55,4,68,23,0,2,20,4
SN,CS,shareera,744,3,4,61,68,26,47,57,4,72,24,0,2,22,4
SN,CS,shareera,745,4,4,62,70,26,46,57,4,70,23,0,2,23,4
SN,CS,shareera,746,4,4,60,67,25,43,60,4,65,19,1,2,22,3
SN,CS,shareera,747,4,4,61,67,26,45,59,4,66,19,1,1,21,3
SN,CS,shareera,748,4,4,61,67,25,45,57,4,67,20,1,1,18,3
SN,CS,shareera,749,4,4,60,68,25,45,55,4,65,19,1,1,18,2
SN,CS,shareera,750,4,3,50,59,23,34,45,4,56,20,1,1,16,2
SN,CS,shareera,751,4,3,54,60,25,36,45,4,56,20,1,1,19,2
SN,CS,shareera,752,4,3,38,51,21,23,38,5,50,20,1,1,14,1
SN,CS,shareera,753,4,3,36,52,22,25,38,5,50,19,1,1,13,1
SN,CS,shareera,754,4,3,38,63,26,26,42,5,51,17,1,1,13,1
SN,CS,shareera,755,4,3,38,64,28,28,40,5,52,20,1,1,16,1
SN,CS,shareera,756,5,3,39,66,28,29,38,5,49,19,1,1,17,1
SN,CS,shareera,757,5,3,40,66,27,28,40,5,47,19,1,1,17,1
SN,CS,shareera,758,6,3,40,65,27,31,41,5,48,18,1,0,18,1
SN,CS,shareera,759,7,3,41,66,26,30,41,4,47,19,1,0,20,1
SN,CS,shareera,760,7,4,40,64,26,30,43,4,46,20,1,0,20,1
SN,CS,shareera,761,6,4,41,66,28,31,48,4,48,23,1,0,20,1
SN,CS,shareera,762,5,4,41,69,28,33,46,5,48,23,1,0,23,1
SN,CS,shareera,763,6,4,45,68,29,34,49,4,49,22,1,0,22,1
SN,CS,shareera,764,6,4,44,70,29,33,50,3,51,23,1,1,25,1
SN,CS,shareera,765,6,3,45,69,28,33,52,4,48,22,1,1,26,1
SN,CS,shareera,766,6,3,45,68,29,32,52,4,50,24,1,1,26,0
SN,CS,shareera,767,7,3,43,74,28,31,53,3,47,24,1,1,27,0
SN,CS,shareera,768,7,2,43,76,28,31,52,4,47,25,1,1,28,0
SN,CS,shareera,769,6,2,43,67,28,28,51,4,43,25,1,1,25,1
SN,CS,shareera,770,5,2,42,66,30,30,54,4,44,27,1,1,25,1
SN,CS,shareera,771,5,2,41,66,28,28,50,4,46,27,0,1,26,1
SN,CS,shareera,772,5,2,40,64,28,28,54,4,48,27,0,1,26,1
SN,CS,shareera,773,5,2,44,70,28,28,57,4,50,30,0,1,26,1
SN,CS,shareera,774,6,2,44,68,28,27,57,4,50,30,0,1,26,1
SN,CS,shareera,775,7,2,43,66,27,27,55,4,46,29,0,1,24,1
SN,CS,shareera,776,7,2,38,67,25,27,56,4,46,29,0,1,22,1
SN,CS,shareera,777,7,2,37,68,27,27,58,4,48,30,0,1,24,1
SN,CS,shareera,778,7,2,39,70,27,27,61,5,52,31,0,1,25,1
SN,CS,shareera,779,7,2,35,62,24,27,56,5,48,31,0,1,23,1
SN,CS,shareera,780,7,3,37,59,24,26,54,5,46,28,0,1,21,1
SN,CS,shareera,781,6,3,38,60,28,28,55,5,45,29,0,1,22,1
SN,CS,shareera,782,6,3,39,65,31,29,53,5,46,30,0,1,22,1
SN,CS,shareera,783,5,3,43,69,34,26,55,5,49,31,0,1,24,1
SN,CS,shareera,784,5,3,44,71,35,28,57,5,53,32,0,1,28,1
SN,CS,shareera,785,5,2,44,71,36,28,56,5,58,31,0,1,28,1
SN,CS,shareera,786,5,2,43,71,34,30,57,5,57,30,0,1,30,1
SN,CS,shareera,787,6,2,41,68,34,27,59,4,56,29,0,1,28,1
SN,CS,shareera,788,5,2,40,65,33,27,56,5,53,32,0,1,27,1
SN,CS,shareera,789,5,2,39,67,34,26,53,5,47,30,0,0,25,1
SN,CS,shareera,790,5,2,45,79,43,29,62,4,58,40,0,1,28,1
SN,CS,shareera,791,6,2,45,78,41,29,62,4,58,38,0,1,28,1
SN,CS,shareera,792,5,3,44,71,38,28,60,4,57,39,0,1,27,1
SN,CS,shareera,793,5,4,54,79,40,29,62,3,61,40,0,1,26,1
SN,CS,shareera,794,5,4,52,80,41,30,61,3,64,39,0,2,26,0
SN,CS,shareera,795,5,4,52,80,39,29,60,3,63,38,0,2,25,0
SN,CS,shareera,796,5,4,60,87,43,33,68,4,66,42,0,2,27,0
SN,CS,shareera,797,5,4,74,109,54,40,78,4,87,53,1,2,42,0
SN,CS,shareera,798,5,4,69,105,54,42,75,4,85,50,1,2,42,0
SN,CS,shareera,799,4,4,69,106,53,42,76,4,84,52,1,2,42,0
SN,CS,shareera,800,3,4,68,104,53,42,81,4,86,50,1,2,42,0
SN,CS,shareera,801,3,4,68,106,54,41,79,4,85,50,2,2,42,0
SN,CS,shareera,802,4,4,72,107,56,44,80,3,85,50,2,2,45,0
SN,CS,shareera,803,4,4,72,104,58,45,77,2,82,51,2,2,44,0
SN,CS,shareera,804,5,3,71,101,60,45,79,2,82,51,2,2,44,0
SN,CS,shareera,805,5,2,72,103,57,45,82,3,86,52,2,2,43,0
SN,CS,shareera,806,5,2,73,108,54,43,81,3,90,52,2,2,45,0
SN,CS,shareera,807,5,3,72,105,53,43,80,3,91,52,2,2,48,0
SN,CS,shareera,808,5,3,87,120,69,55,103,3,105,56,3,2,54,0
SN,CS,shareera,809,4,3,85,121,68,56,101,3,104,53,3,3,49,0
SN,CS,shareera,810,4,3,88,128,67,59,105,3,101,57,3,3,49,0
SN,CS,shareera,811,4,3,93,133,69,59,102,3,102,56,3,3,48,0
SN,CS,shareera,812,3,3,98,137,76,63,100,3,104,61,4,3,49,0
SN,CS,shareera,813,3,3,100,139,77,67,106,2,107,58,4,3,51,0
SN,CS,shareera,814,3,3,104,136,76,67,107,2,107,59,4,3,51,0
SN,CS,shareera,815,3,3,98,125,68,63,94,2,98,52,4,2,49,0
SN,CS,shareera,816,2,3,99,125,67,65,93,2,96,52,4,3,50,0
SN,CS,shareera,817,3,2,104,127,69,71,97,2,100,55,4,3,52,0
SN,CS,shareera,818,3,1,96,117,68,71,98,2,97,55,4,3,56,0
SN,CS,shareera,819,3,1,97,116,67,71,98,2,94,55,4,3,56,0
SN,CS,shareera,820,3,1,104,128,72,84,105,3,102,59,4,3,64,0
SN,CS,shareera,821,3,1,99,120,69,80,96,2,101,57,4,3,64,0
SN,CS,shareera,822,4,1,93,101,59,78,88,2,82,48,3,3,52,0
SN,CS,shareera,823,4,1,95,100,61,80,90,2,81,50,3,3,53,0
SN,CS,shareera,824,4,1,95,101,62,82,90,2,83,49,3,3,53,0
SN,CS,shareera,825,4,1,98,103,61,82,87,2,81,49,3,3,54,0
SN,CS,shareera,826,4,1,103,114,62,86,91,2,87,54,2,3,55,0
SN,CS,shareera,827,3,2,106,116,63,83,89,2,90,54,2,3,50,0
SN,CS,shareera,828,3,2,119,126,67,86,99,2,95,58,2,3,59,1
SN,CS,shareera,829,2,3,126,136,70,86,101,2,99,59,2,3,61,1
SN,CS,shareera,830,2,3,125,135,70,85,99,1,96,61,2,3,61,1
SN,CS,shareera,831,2,3,122,128,69,84,100,1,95,60,2,3,57,1
SN,CS,shareera,832,2,2,125,133,70,87,107,1,98,67,2,3,57,1
SN,CS,shareera,833,2,2,112,127,58,81,85,1,83,66,1,3,50,2
SN,CS,shareera,834,2,2,126,132,62,90,97,1,98,79,1,2,57,2
SN,CS,shareera,835,2,2,130,133,64,92,97,1,101,78,1,3,63,2
SN,CS,shareera,836,2,2,130,126,61,90,94,2,101,76,1,3,63,2
SN,CS,shareera,837,2,3,124,122,55,85,93,2,99,71,0,3,61,2
SN,CS,shareera,838,2,3,127,126,56,85,92,2,100,75,0,3,60,3
SN,CS,shareera,839,3,3,122,126,56,85,92,2,102,74,0,3,59,3
SN,CS,shareera,840,3,3,120,123,55,85,90,2,101,71,0,3,57,3
SN,CS,shareera,841,3,3,123,125,58,84,90,2,100,71,0,2,56,4
SN,CS,shareera,842,2,3,121,128,58,83,90,3,98,67,0,2,58,4
SN,CS,shareera,843,2,3,119,129,57,82,87,4,95,65,0,2,55,4
SN,CS,shareera,844,2,3,123,133,64,84,92,4,102,68,0,1,60,4
SN,CS,shareera,845,2,3,118,124,59,72,83,4,100,65,0,1,54,4
SN,CS,shareera,846,3,3,115,125,58,73,83,4,97,64,0,1,52,4
SN,CS,shareera,847,2,3,108,122,56,67,77,4,92,62,0,2,49,4
SN,CS,shareera,848,2,4,108,126,56,65,76,4,97,61,0,2,52,4
SN,CS,shareera,849,2,4,109,127,55,65,76,5,96,60,0,2,53,4
SN,CS,shareera,850,2,4,107,125,55,66,75,6,97,60,0,2,52,4
SN,CS,shareera,851,2,4,102,111,54,62,71,7,92,56,0,2,50,4
SN,CS,shareera,852,2,3,97,106,50,62,69,7,88,55,0,2,50,4
SN,CS,shareera,853,2,4,88,101,45,60,59,7,83,50,0,2,42,3
SN,CS,shareera,854,2,3,88,96,40,64,60,7,81,52,1,2,42,3
SN,CS,shareera,855,3,3,87,96,40,64,59,7,82,49,1,2,42,3
SN,CS,shareera,856,3,3,89,94,42,65,58,7,80,49,1,2,42,3
SN,CS,shareera,857,3,3,85,91,38,62,51,7,78,41,2,2,39,3
SN,CS,shareera,858,4,3,78,80,31,56,45,7,75,37,2,2,37,2
SN,CS,shareera,859,4,4,68,71,28,44,34,7,59,24,2,2,29,2
SN,CS,shareera,860,4,4,65,65,28,41,32,8,57,23,2,1,24,2
SN,CS,shareera,861,4,4,60,67,28,40,32,7,55,23,2,2,23,2
SN,CS,shareera,862,4,3,60,66,28,41,35,8,53,23,2,2,23,2
SN,CS,shareera,863,4,3,53,60,27,36,30,8,49,19,2,2,22,1
SN,CS,shareera,864,3,3,54,60,27,36,29,8,48,19,2,3,22,1
SN,CS,shareera,865,4,3,56,64,27,36,33,8,51,19,2,3,22,1
SN,CS,shareera,866,4,3,53,66,27,39,38,8,58,24,2,3,23,0
SN,CS,shareera,867,4,3,53,62,25,34,35,7,56,25,2,3,20,0
SN,CS,shareera,868,4,3,54,60,25,34,35,6,57,25,2,4,19,0
SN,CS,shareera,869,4,3,51,55,19,32,32,6,53,22,2,4,16,0
SN,CS,shareera,870,5,3,50,53,21,31,34,5,48,22,2,4,14,0
SN,CS,shareera,871,4,3,50,51,22,30,36,5,46,22,2,4,13,0
SN,CS,shareera,872,4,3,56,53,27,30,41,5,52,22,2,3,14,0
SN,CS,shareera,873,4,2,56,51,27,29,43,6,49,20,2,3,10,0
SN,CS,shareera,874,4,2,55,48,28,28,45,6,50,21,2,3,10,0
SN,CS,shareera,875,4,2,56,48,28,28,47,5,53,22,2,3,13,0
SN,CS,shareera,876,4,2,57,47,28,28,51,4,53,23,2,4,13,0
SN,CS,shareera,877,4,2,57,47,27,28,52,5,53,24,2,4,13,0
SN,CS,shareera,878,4,1,51,41,25,24,50,6,53,23,2,4,12,0
SN,CS,shareera,879,4,1,49,39,24,23,51,7,54,22,1,4,11,0
SN,CS,shareera,880,3,1,48,40,24,23,51,7,53,23,1,5,13,0
SN,CS,shareera,881,3,1,52,44,24,24,50,7,53,23,1,6,13,0
SN,CS,shareera,882,3,1,52,40,24,23,51,8,50,24,0,6,14,0
SN,CS,shareera,883,2,1,56,41,25,24,51,8,51,24,0,7,14,0
SN,CS,shareera,884,2,0,54,43,26,26,51,8,51,24,0,7,16,0
SN,CS,shareera,885,2,0,50,40,24,25,48,7,52,22,0,7,15,0
SN,CS,shareera,886,3,0,53,39,24,26,48,7,52,24,0,6,15,0
SN,CS,shareera,887,3,0,53,41,23,26,46,6,54,24,0,6,17,0
SN,CS,shareera,888,3,0,54,42,22,27,45,7,54,24,0,6,17,0
SN,CS,shareera,889,3,0,57,41,23,28,47,7,53,26,0,5,17,0
SN,CS,shareera,890,2,0,56,38,24,31,43,7,50,26,0,5,18,0
SN,CS,shareera,891,2,0,54,34,21,28,39,8,44,21,0,5,20,0
SN,CS,shareera,892,2,0,52,34,21,28,39,8,44,20,0,6,20,0
SN,CS,shareera,893,2,0,55,40,23,32,45,8,46,22,0,5,23,0
SN,CS,shareera,894,2,0,55,43,21,31,43,8,44,25,0,5,22,0
SN,CS,shareera,895,1,0,56,43,19,31,42,8,44,25,0,5,22,0
SN,CS,shareera,896,2,0,55,42,19,33,42,8,47,26,0,5,24,0
SN,CS,shareera,897,2,0,51,40,15,32,39,9,43,26,0,5,25,0
SN,CS,shareera,898,2,0,50,38,13,31,37,9,41,26,0,5,25,0
SN,CS,shareera,899,2,0,54,42,13,33,36,8,42,26,0,5,27,0
SN,CS,shareera,900,2,0,53,45,14,34,35,9,41,28,0,5,25,0
SN,CS,shareera,901,2,0,52,48,13,34,36,10,40,26,0,4,25,0
SN,CS,shareera,902,3,0,50,49,15,33,36,9,40,26,0,4,26,0
SN,CS,shareera,903,3,0,51,51,15,33,38,8,39,26,0,5,26,0
SN,CS,shareera,904,4,0,47,48,15,29,33,7,36,24,0,5,25,0
SN,CS,shareera,905,4,1,60,49,23,35,39,7,38,26,0,4,28,0
SN,CS,shareera,906,4,1,61,52,25,38,48,7,46,30,0,3,34,0
SN,CS,shareera,907,4,1,67,55,27,40,49,6,47,31,0,3,33,0
SN,CS,shareera,908,5,1,65,52,27,40,53,6,45,31,0,2,34,0
SN,CS,shareera,909,5,1,64,52,25,40,52,6,43,31,0,2,32,0
SN,CS,shareera,910,6,1,100,87,34,52,85,6,67,48,0,2,52,0
SN,CS,shareera,911,5,1,97,87,34,52,85,6,66,47,0,2,52,0
SN,CS,shareera,912,5,1,98,86,35,51,84,6,65,47,0,2,50,0
SN,CS,shareera,913,5,1,101,95,37,58,87,5,71,49,0,2,51,0
SN,CS,shareera,914,6,1,98,97,38,57,87,5,72,48,0,2,52,0
SN,CS,shareera,915,6,1,99,99,39,55,90,6,72,50,0,2,53,0
SN,CS,shareera,916,6,1,99,100,39,55,89,5,70,50,0,2,50,0
SN,CS,shareera,917,7,1,108,107,44,61,99,5,76,57,0,1,52,0
SN,CS,shareera,918,7,1,105,103,45,61,94,5,77,58,0,1,51,0
SN,CS,shareera,919,7,1,104,101,45,65,96,6,78,60,0,1,51,0
SN,CS,shareera,920,8,1,103,101,45,64,97,6,77,59,0,1,51,0
SN,CS,shareera,921,7,2,106,104,45,66,102,6,76,60,0,1,53,0
SN,CS,shareera,922,7,2,103,103,44,67,100,5,75,60,0,1,51,0
SN,CS,shareera,923,7,3,103,109,48,74,103,4,78,65,0,1,53,0
SN,CS,shareera,924,7,3,104,110,47,73,104,4,84,66,0,2,51,0
SN,CS,shareera,925,7,3,102,107,46,71,103,3,81,64,0,2,50,0
SN,CS,shareera,926,7,3,111,109,50,76,103,3,85,72,0,2,56,0
SN,CS,shareera,927,6,3,111,108,48,76,102,3,84,72,0,2,56,0
SN,CS,shareera,928,6,3,112,109,51,79,106,3,87,78,0,1,58,0
SN,CS,shareera,929,6,3,115,110,54,81,108,3,90,82,0,1,59,0
SN,CS,shareera,930,6,2,105,111,48,80,106,3,90,81,0,2,56,0
SN,CS,shareera,931,6,2,100,106,47,77,101,4,82,79,0,2,50,0
SN,CS,shareera,932,6,2,94,102,45,75,102,4,81,77,0,2,50,0
SN,CS,shareera,933,6,2,95,106,47,77,101,4,82,78,0,2,49,0
SN,CS,shareera,934,6,2,102,106,49,78,105,4,85,79,0,3,54,0
SN,CS,shareera,935,5,2,66,72,41,65,73,4,57,62,0,3,34,1
SN,CS,shareera,936,5,2,66,71,42,64,74,4,58,61,0,3,34,2
SN,CS,shareera,937,5,2,69,72,42,66,75,4,61,62,0,4,35,2
SN,CS,shareera,938,5,3,64,63,40,60,72,4,56,59,0,4,35,2
SN,CS,shareera,939,4,3,66,61,39,60,71,4,57,57,0,4,34,2
SN,CS,shareera,940,4,3,64,59,37,60,68,4,57,56,0,4,32,2
SN,CS,shareera,941,4,3,65,58,38,61,68,4,58,57,0,4,33,2
SN,CS,shareera,942,3,3,56,52,33,57,57,5,54,51,0,4,30,2
SN,CS,shareera,943,3,3,57,50,30,56,59,5,50,48,0,4,28,2
SN,CS,shareera,944,3,3,57,49,30,54,57,5,49,43,0,4,27,2
SN,CS,shareera,945,2,3,58,49,30,55,55,6,49,42,0,4,27,2
