Text_Type,Book,Chapter,Window,GLL,G,LGL,GLG,LGG,LLG,GGL,L,GGG,LLL,LG,GL,GG,LL
SN,AH,shareera,1,5,22,31,26,6,10,16,1,37,0,0,0,0,0
SN,AH,shareera,2,5,22,32,26,6,10,17,1,35,0,0,0,0,0
SN,AH,shareera,3,4,21,33,25,7,10,18,2,34,0,0,0,0,0
SN,AH,shareera,4,4,22,34,23,5,10,18,2,34,0,0,0,0,0
SN,AH,shareera,5,4,22,33,24,5,10,19,2,33,0,0,0,0,0
SN,AH,shareera,6,4,22,32,25,5,10,18,2,34,0,0,0,0,0
SN,AH,shareera,7,4,22,32,24,6,10,18,2,34,0,0,0,0,0
SN,AH,shareera,8,4,22,33,24,7,9,18,2,33,0,0,0,0,0
SN,AH,shareera,9,5,21,32,26,9,9,19,2,31,0,0,0,0,0
SN,AH,shareera,10,5,21,32,27,9,7,20,2,31,0,0,0,0,0
SN,AH,shareera,11,5,20,33,27,9,7,21,3,29,0,0,0,0,0
SN,AH,shareera,12,5,20,33,26,9,8,20,3,30,0,0,0,0,0
SN,AH,shareera,13,7,19,31,28,10,7,19,3,32,0,0,0,0,0
SN,AH,shareera,14,7,19,30,29,10,6,19,3,33,0,0,0,0,0
SN,AH,shareera,15,7,19,30,27,9,7,20,3,34,0,0,0,0,0
SN,AH,shareera,16,7,19,32,26,8,6,21,3,34,0,0,0,0,0
SN,AH,shareera,17,8,19,32,26,10,8,21,2,32,0,0,0,0,0
SN,AH,shareera,18,9,19,33,24,10,8,22,2,31,0,0,0,0,0
SN,AH,shareera,19,9,18,32,25,11,8,23,2,31,1,0,0,0,0
SN,AH,shareera,20,10,18,32,24,11,7,21,2,34,1,0,0,0,0
SN,AH,shareera,21,10,17,33,24,11,7,19,3,35,1,0,0,0,0
SN,AH,shareera,22,9,18,33,23,10,8,19,3,34,1,0,0,0,0
SN,AH,shareera,23,10,17,32,24,12,9,18,3,34,1,0,0,0,0
SN,AH,shareera,24,10,17,32,25,13,9,17,3,33,1,0,0,0,0
SN,AH,shareera,25,11,17,32,24,15,9,17,3,31,1,0,0,0,0
SN,AH,shareera,26,10,17,32,24,15,8,17,3,33,1,0,0,0,0
SN,AH,shareera,27,10,16,30,26,16,9,16,3,35,1,0,0,0,0
SN,AH,shareera,28,10,17,29,26,17,10,15,2,35,1,0,0,0,0
SN,AH,shareera,29,11,17,28,26,18,9,14,2,36,1,0,0,0,0
SN,AH,shareera,30,11,17,28,25,20,9,13,2,36,1,0,0,0,0
SN,AH,shareera,31,11,16,27,26,22,9,13,2,37,1,0,0,0,0
SN,AH,shareera,32,12,16,27,26,22,9,13,2,36,1,0,0,0,0
SN,AH,shareera,33,12,15,26,27,23,9,15,2,36,1,0,0,0,0
SN,AH,shareera,34,11,16,28,24,22,9,13,2,38,1,0,0,0,0
SN,AH,shareera,35,11,16,28,23,22,9,12,2,40,1,0,0,0,0
SN,AH,shareera,36,11,16,27,24,22,9,11,2,41,1,0,0,0,0
SN,AH,shareera,37,11,15,26,25,25,8,13,2,42,1,1,0,0,0
SN,AH,shareera,38,10,16,27,24,25,8,14,2,39,1,1,0,0,0
SN,AH,shareera,39,10,16,27,22,26,9,13,2,40,1,1,0,0,0
SN,AH,shareera,40,10,16,27,24,26,8,13,2,39,1,1,0,0,0
SN,AH,shareera,41,10,16,26,26,26,8,12,2,39,1,1,0,0,0
SN,AH,shareera,42,9,17,26,27,25,6,12,2,39,1,1,0,0,0
SN,AH,shareera,43,9,16,24,30,26,6,10,3,41,1,1,0,0,0
SN,AH,shareera,44,8,16,24,28,25,6,9,4,39,0,1,0,0,0
SN,AH,shareera,45,8,15,26,30,25,6,10,4,37,0,1,0,0,0
SN,AH,shareera,46,8,15,24,30,25,6,10,3,34,0,1,0,0,0
SN,AH,shareera,47,8,14,24,31,24,5,9,3,33,0,1,1,0,0
SN,AH,shareera,48,7,14,24,29,22,4,9,3,31,0,1,1,0,0
SN,AH,shareera,49,7,14,25,30,21,4,10,3,32,0,1,1,0,0
SN,AH,shareera,50,7,14,25,30,20,4,11,3,32,0,1,1,0,0
SN,AH,shareera,51,7,14,24,31,21,4,11,3,31,0,1,1,0,0
SN,AH,shareera,52,7,15,25,29,20,3,10,3,32,0,1,1,0,0
SN,AH,shareera,53,7,14,25,32,20,2,11,3,34,0,2,1,0,0
SN,AH,shareera,54,6,14,25,32,19,2,12,3,35,0,2,1,0,0
SN,AH,shareera,55,5,13,25,32,19,4,12,3,39,0,3,1,0,0
SN,AH,shareera,56,5,14,26,30,17,5,11,3,39,0,3,1,0,0
SN,AH,shareera,57,4,14,26,30,16,6,12,3,39,0,3,1,0,0
SN,AH,shareera,58,4,15,26,29,14,7,10,3,40,0,3,1,0,0
SN,AH,shareera,59,4,15,26,30,13,8,11,3,38,0,3,1,0,0
SN,AH,shareera,60,4,15,26,29,14,9,12,3,36,0,3,1,0,0
SN,AH,shareera,61,4,16,26,27,14,9,13,2,37,0,3,1,0,0
SN,AH,shareera,62,4,17,28,28,11,8,11,2,35,0,2,1,0,0
SN,AH,shareera,63,3,17,28,28,11,8,11,2,36,0,2,1,0,0
SN,AH,shareera,64,4,17,28,28,11,7,11,2,36,0,2,1,0,0
SN,AH,shareera,65,5,17,28,27,11,7,10,2,37,0,2,1,0,0
SN,AH,shareera,66,5,17,27,26,11,8,10,2,38,0,2,1,0,0
SN,AH,shareera,67,5,17,27,26,11,8,11,2,37,0,2,1,0,0
SN,AH,shareera,68,4,18,28,26,10,8,12,1,35,0,2,1,0,0
SN,AH,shareera,69,4,18,29,28,11,9,13,0,36,1,2,1,0,0
SN,AH,shareera,70,3,19,27,26,11,11,13,0,36,1,2,1,0,0
SN,AH,shareera,71,3,19,29,26,11,11,14,1,38,1,2,1,0,0
SN,AH,shareera,72,3,20,31,26,11,11,15,1,38,1,2,0,0,0
SN,AH,shareera,73,5,20,35,29,12,13,17,1,41,2,3,0,0,0
SN,AH,shareera,74,6,20,34,27,13,14,16,1,39,2,3,0,0,0
SN,AH,shareera,75,6,19,32,30,14,15,15,1,40,2,3,0,0,0
SN,AH,shareera,76,6,19,32,28,13,16,17,1,40,2,3,0,0,0
SN,AH,shareera,77,7,18,31,28,14,17,19,1,39,2,3,0,0,0
SN,AH,shareera,78,7,19,31,26,12,17,18,1,39,2,2,0,0,0
SN,AH,shareera,79,7,18,31,28,13,17,17,1,39,3,2,0,0,0
SN,AH,shareera,80,7,19,31,29,11,16,17,1,36,3,1,0,0,0
SN,AH,shareera,81,8,19,32,28,11,15,17,1,36,3,1,0,0,0
SN,AH,shareera,82,9,19,33,27,12,14,17,1,35,3,1,0,0,0
SN,AH,shareera,83,9,19,33,27,12,13,17,1,36,3,1,0,0,0
SN,AH,shareera,84,9,19,32,27,12,13,16,1,38,3,1,0,0,0
SN,AH,shareera,85,10,18,31,30,11,13,17,1,38,3,1,0,0,0
SN,AH,shareera,86,10,18,31,31,11,13,17,1,37,3,1,0,0,0
SN,AH,shareera,87,11,18,30,31,11,13,17,1,37,3,1,0,0,0
SN,AH,shareera,88,13,18,30,31,11,13,16,1,36,3,1,0,0,0
SN,AH,shareera,89,12,17,29,34,11,13,17,1,37,3,1,0,0,0
SN,AH,shareera,90,12,17,28,33,11,14,19,1,36,3,1,0,0,0
SN,AH,shareera,91,12,16,28,33,14,14,20,1,37,3,2,0,0,0
SN,AH,shareera,92,13,16,28,31,13,15,20,1,38,3,2,0,0,0
SN,AH,shareera,93,14,15,27,29,14,15,22,1,40,3,2,0,0,0
SN,AH,shareera,94,15,16,27,27,14,15,21,1,40,2,2,0,0,0
SN,AH,shareera,95,15,15,27,30,15,15,22,1,40,2,3,0,0,0
SN,AH,shareera,96,16,16,27,31,15,15,21,0,39,2,3,0,0,0
SN,AH,shareera,97,17,15,24,32,17,15,22,0,40,2,3,0,0,0
SN,AH,shareera,98,16,16,22,29,16,14,20,0,38,1,2,0,0,0
SN,AH,shareera,99,15,16,22,29,15,13,21,0,40,1,2,0,0,0
SN,AH,shareera,100,14,17,22,26,13,12,21,0,39,1,2,0,0,0
SN,AH,shareera,101,15,17,21,27,13,11,20,0,40,1,2,0,0,0
SN,AH,shareera,102,14,17,21,26,12,10,18,0,38,1,2,0,0,0
SN,AH,shareera,103,14,16,21,26,12,10,19,1,37,1,2,0,0,0
SN,AH,shareera,104,14,17,20,24,11,10,19,1,34,0,2,0,0,0
SN,AH,shareera,105,15,17,20,25,11,10,19,1,32,0,2,0,0,0
SN,AH,shareera,106,14,17,19,25,11,11,21,1,31,0,2,0,0,0
SN,AH,shareera,107,13,17,18,28,10,11,20,1,32,0,2,0,0,0
SN,AH,shareera,108,14,17,19,28,10,11,20,1,29,1,2,0,0,0
SN,AH,shareera,109,14,17,19,29,10,10,21,1,28,1,2,0,0,0
SN,AH,shareera,110,13,18,21,27,11,9,20,1,27,1,2,0,0,0
SN,AH,shareera,111,15,18,21,26,11,10,20,1,25,1,2,0,0,0
SN,AH,shareera,112,14,18,21,24,11,11,22,1,25,1,2,0,0,0
SN,AH,shareera,113,13,17,21,24,12,11,22,2,25,1,2,0,0,0
SN,AH,shareera,114,13,18,22,22,12,11,22,2,23,1,2,0,0,0
SN,AH,shareera,115,12,17,23,23,13,12,23,2,24,1,3,0,0,0
SN,AH,shareera,116,13,18,23,23,10,12,23,2,21,1,2,0,0,0
SN,AH,shareera,117,12,17,23,25,12,13,23,2,20,1,2,0,0,0
SN,AH,shareera,118,12,18,24,25,12,13,21,2,18,1,2,0,0,0
SN,AH,shareera,119,11,18,24,27,11,12,21,2,19,1,2,0,0,0
SN,AH,shareera,120,11,19,24,25,10,10,20,2,20,1,1,0,0,0
SN,AH,shareera,121,12,18,22,27,11,10,20,2,21,1,1,0,0,0
SN,AH,shareera,122,11,19,23,26,10,10,18,2,22,1,1,0,0,0
SN,AH,shareera,123,10,18,23,28,11,10,19,2,22,1,1,0,0,0
SN,AH,shareera,124,10,18,23,28,11,10,19,2,22,1,1,0,0,0
SN,AH,shareera,125,12,18,24,28,12,10,19,2,23,1,1,0,0,0
SN,AH,shareera,126,11,18,25,28,12,10,19,2,23,1,1,0,0,0
SN,AH,shareera,127,12,19,26,29,12,10,20,2,24,1,1,0,0,0
SN,AH,shareera,128,13,20,26,30,12,10,19,1,23,1,1,0,0,0
SN,AH,shareera,129,14,20,27,31,12,10,19,1,25,1,1,0,0,0
SN,AH,shareera,130,13,20,27,32,13,9,19,1,25,1,1,0,0,0
SN,AH,shareera,131,13,20,27,34,13,8,17,1,26,1,1,0,0,0
SN,AH,shareera,132,13,20,27,32,14,8,17,1,27,1,1,0,0,0
SN,AH,shareera,133,13,20,25,31,14,9,19,1,28,0,1,0,0,0
SN,AH,shareera,134,13,19,25,29,14,9,19,2,30,0,1,0,0,0
SN,AH,shareera,135,14,18,23,30,16,9,19,2,31,0,1,0,0,0
SN,AH,shareera,136,12,18,23,30,16,9,19,2,33,0,1,0,0,0
SN,AH,shareera,137,14,17,22,33,16,9,18,2,33,0,1,0,0,0
SN,AH,shareera,138,14,18,22,33,16,9,18,1,33,0,1,0,0,0
SN,AH,shareera,139,14,17,23,33,15,10,18,2,32,0,1,0,0,0
SN,AH,shareera,140,14,18,23,32,14,9,16,2,32,0,0,0,0,0
SN,AH,shareera,141,13,18,23,31,15,9,16,2,32,1,0,0,0,0
SN,AH,shareera,142,13,19,23,29,14,7,17,2,33,1,0,0,0,0
SN,AH,shareera,143,13,18,23,31,15,7,16,2,34,1,0,0,0,0
SN,AH,shareera,144,13,18,23,29,15,7,17,2,35,1,0,0,0,0
SN,AH,shareera,145,13,18,23,29,17,7,16,2,34,1,0,0,0,0
SN,AH,shareera,146,11,19,24,27,16,7,17,2,34,1,0,0,0,0
SN,AH,shareera,147,12,18,24,26,15,8,18,3,33,1,0,0,0,0
SN,AH,shareera,148,12,19,23,24,14,8,17,3,35,1,0,0,0,0
SN,AH,shareera,149,12,18,22,24,16,9,18,3,35,1,0,0,0,0
SN,AH,shareera,150,10,18,22,26,15,10,19,3,34,1,0,0,0,0
SN,AH,shareera,151,11,17,22,27,18,10,18,3,33,1,0,0,0,0
SN,AH,shareera,152,10,17,22,26,18,11,17,3,35,1,0,0,0,0
SN,AH,shareera,153,9,17,22,27,18,11,17,3,35,1,0,0,0,0
SN,AH,shareera,154,8,17,23,27,19,11,17,3,34,1,0,0,0,0
SN,AH,shareera,155,9,16,24,25,18,11,18,4,34,1,0,0,0,0
SN,AH,shareera,156,9,16,24,25,18,11,18,4,34,1,0,0,0,0
SN,AH,shareera,157,9,15,24,28,18,11,19,4,35,1,1,0,0,0
SN,AH,shareera,158,8,15,25,30,19,10,17,4,35,1,1,0,0,0
SN,AH,shareera,159,8,16,25,31,19,11,16,3,34,1,1,0,0,0
SN,AH,shareera,160,7,17,27,30,17,11,15,3,34,1,1,0,0,0
SN,AH,shareera,161,7,16,26,34,20,10,15,3,32,1,1,0,0,0
SN,AH,shareera,162,5,17,27,32,21,9,15,3,32,1,1,0,0,0
SN,AH,shareera,163,5,16,27,34,20,9,16,3,33,1,1,0,0,0
SN,AH,shareera,164,6,17,27,33,21,8,15,2,34,1,1,0,0,0
SN,AH,shareera,165,6,17,27,34,21,7,15,2,34,1,1,0,0,0
SN,AH,shareera,166,7,17,27,35,20,7,15,2,34,0,1,0,0,0
SN,AH,shareera,167,7,16,27,36,21,8,13,2,35,1,1,0,0,0
SN,AH,shareera,168,6,17,27,33,19,9,13,2,37,1,1,0,0,0
SN,AH,shareera,169,7,17,27,34,19,10,13,2,34,1,1,0,0,0
SN,AH,shareera,170,7,17,27,35,17,10,13,2,35,1,1,0,0,0
SN,AH,shareera,171,7,17,27,36,18,10,12,2,34,1,1,0,0,0
SN,AH,shareera,172,6,18,28,37,18,9,13,1,33,1,1,0,0,0
SN,AH,shareera,173,7,18,28,38,18,8,15,1,30,1,1,0,0,0
SN,AH,shareera,174,7,19,29,39,16,8,13,1,29,1,1,0,0,0
SN,AH,shareera,175,7,19,29,39,16,7,14,1,29,1,1,0,0,0
SN,AH,shareera,176,6,20,29,38,14,8,15,1,28,1,1,0,0,0
SN,AH,shareera,177,6,19,29,38,14,8,16,2,27,1,1,0,0,0
SN,AH,shareera,178,6,19,30,35,15,9,16,2,27,1,1,0,0,0
SN,AH,shareera,179,7,18,28,37,17,9,16,2,27,1,1,0,0,0
SN,AH,shareera,180,7,19,28,37,18,9,15,1,27,1,1,0,0,0
SN,AH,shareera,181,7,19,28,36,18,9,16,1,27,1,1,0,0,0
SN,AH,shareera,182,7,20,28,34,18,9,15,1,25,1,0,0,0,0
SN,AH,shareera,183,7,20,30,32,17,9,15,1,26,1,0,0,0,0
SN,AH,shareera,184,7,20,30,33,18,8,16,1,24,1,0,0,0,0
SN,AH,shareera,185,7,19,28,35,19,9,18,1,25,1,1,0,0,0
SN,AH,shareera,186,7,20,28,31,16,10,19,1,27,1,1,0,0,0
SN,AH,shareera,187,8,19,27,32,17,11,18,1,27,2,1,0,0,0
SN,AH,shareera,188,7,20,27,29,16,11,18,1,29,2,1,0,0,0
SN,AH,shareera,189,6,20,26,30,15,12,20,1,28,2,1,0,0,0
SN,AH,shareera,190,6,19,25,29,15,12,19,1,26,2,1,0,1,0
SN,AH,shareera,191,5,19,25,28,16,12,18,1,28,2,1,0,1,0
SN,AH,shareera,192,5,20,25,28,14,11,18,1,29,1,1,0,1,0
SN,AH,shareera,193,5,19,25,31,16,10,20,1,26,1,1,0,1,0
SN,AH,shareera,194,4,19,25,32,16,9,20,1,27,1,1,0,1,0
SN,AH,shareera,195,5,18,25,33,17,9,21,1,26,1,1,0,1,0
SN,AH,shareera,196,6,18,26,31,16,10,21,1,25,2,1,0,1,0
SN,AH,shareera,197,7,18,25,30,16,11,19,1,27,2,1,0,1,0
SN,AH,shareera,198,6,18,25,31,17,11,18,1,27,2,1,0,1,0
SN,AH,shareera,199,6,18,27,30,17,10,19,1,26,2,1,0,1,0
SN,AH,shareera,200,7,18,27,29,17,11,17,1,27,2,1,0,1,0
SN,AH,shareera,201,7,18,26,30,17,10,17,1,28,2,1,0,1,0
SN,AH,shareera,202,7,19,26,31,18,9,16,0,28,2,1,0,1,0
SN,AH,shareera,203,7,18,24,33,19,8,17,0,30,2,1,0,1,0
SN,AH,shareera,204,8,19,25,31,16,9,17,0,29,2,1,0,1,0
SN,AH,shareera,205,7,19,26,30,15,10,18,0,29,2,1,0,1,0
SN,AH,shareera,206,7,19,26,29,16,12,18,0,27,2,1,0,1,0
SN,AH,shareera,207,7,18,25,30,16,14,19,0,27,2,1,0,1,0
SN,AH,shareera,208,7,18,23,30,16,15,20,0,27,2,1,0,1,0
SN,AH,shareera,209,7,17,24,29,15,16,19,1,28,2,1,0,1,0
SN,AH,shareera,210,7,18,25,28,13,16,17,1,27,2,0,0,1,0
SN,AH,shareera,211,7,18,26,29,14,15,16,1,26,2,0,0,1,0
SN,AH,shareera,212,6,19,27,28,12,14,19,1,25,1,0,0,1,0
SN,AH,shareera,213,6,19,27,29,12,15,19,1,23,1,0,0,1,0
SN,AH,shareera,214,7,19,28,28,14,14,17,1,23,1,0,0,1,0
SN,AH,shareera,215,7,19,29,31,17,15,17,1,23,1,0,0,0,0
SN,AH,shareera,216,7,19,30,32,16,14,18,1,22,1,0,0,0,0
SN,AH,shareera,217,7,19,30,31,16,15,21,1,19,1,0,0,0,0
SN,AH,shareera,218,7,20,30,29,14,15,20,1,21,1,0,0,0,0
SN,AH,shareera,219,7,20,30,27,16,16,19,1,21,1,0,0,0,0
SN,AH,shareera,220,6,21,30,25,16,16,20,1,20,1,0,0,0,0
SN,AH,shareera,221,5,21,29,26,16,15,20,1,23,0,0,0,0,0
SN,AH,shareera,222,4,21,30,27,16,15,20,1,22,0,0,0,0,0
SN,AH,shareera,223,4,20,30,27,16,15,21,1,23,1,0,0,0,0
SN,AH,shareera,224,4,20,28,26,18,16,20,1,24,1,0,0,0,0
SN,AH,shareera,225,3,20,28,25,19,16,21,1,24,1,0,0,0,0
SN,AH,shareera,226,3,20,29,25,18,16,20,1,25,1,0,0,0,0
SN,AH,shareera,227,6,19,28,24,18,17,23,1,23,1,0,0,0,0
SN,AH,shareera,228,7,20,29,24,16,17,22,1,21,1,0,0,0,0
SN,AH,shareera,229,5,20,30,23,17,16,23,1,22,1,0,0,0,0
SN,AH,shareera,230,5,20,28,24,17,16,22,1,24,1,0,0,0,0
SN,AH,shareera,231,5,20,28,24,17,14,23,1,25,1,0,0,0,0
SN,AH,shareera,232,5,21,29,22,17,12,23,1,25,1,0,0,0,0
SN,AH,shareera,233,5,21,29,23,17,11,25,1,23,1,0,0,0,0
SN,AH,shareera,234,5,22,29,22,17,10,27,0,23,1,0,0,0,0
SN,AH,shareera,235,5,22,29,20,18,10,27,0,24,1,0,0,0,0
SN,AH,shareera,236,6,22,29,19,17,10,27,0,25,1,0,0,0,0
SN,AH,shareera,237,7,21,29,18,18,12,25,0,29,1,1,0,0,0
SN,AH,shareera,238,7,21,29,18,18,11,24,0,31,1,1,0,0,0
SN,AH,shareera,239,7,21,29,18,17,11,24,0,32,1,1,0,0,0
SN,AH,shareera,240,8,22,30,15,15,10,25,0,32,1,1,0,0,0
SN,AH,shareera,241,8,22,29,15,16,10,24,0,33,1,1,0,0,0
SN,AH,shareera,242,8,22,28,16,17,9,23,0,34,1,1,0,0,0
SN,AH,shareera,243,8,21,27,17,18,11,25,0,34,1,2,0,0,0
SN,AH,shareera,244,9,21,27,18,16,10,26,0,34,1,2,0,0,0
SN,AH,shareera,245,9,20,26,18,19,11,26,0,34,1,2,0,0,0
SN,AH,shareera,246,9,20,26,18,19,12,26,0,33,1,2,0,0,0
SN,AH,shareera,247,9,19,25,20,20,11,27,0,34,1,2,0,0,0
SN,AH,shareera,248,9,20,25,19,19,11,27,0,34,0,2,0,0,0
SN,AH,shareera,249,9,20,25,20,17,10,28,0,35,0,2,0,0,0
SN,AH,shareera,250,9,20,25,21,17,10,27,0,35,0,2,0,0,0
SN,AH,shareera,251,9,20,25,21,17,10,29,0,33,0,2,0,0,0
SN,AH,shareera,252,6,21,26,23,17,9,27,0,33,0,2,0,0,0
SN,AH,shareera,253,6,21,27,21,17,9,28,0,33,0,2,0,0,0
SN,AH,shareera,254,6,21,26,21,18,10,28,0,32,0,2,0,0,0
SN,AH,shareera,255,7,20,27,23,18,9,30,0,31,1,2,0,0,1
SN,AH,shareera,256,7,19,27,25,17,9,28,1,32,1,2,0,0,1
SN,AH,shareera,257,8,18,28,24,16,9,27,2,33,1,2,0,0,1
SN,AH,shareera,258,8,18,28,25,18,9,24,2,33,1,2,0,0,1
SN,AH,shareera,259,8,18,27,25,18,10,22,2,35,1,2,0,0,1
SN,AH,shareera,260,8,18,27,26,17,9,22,2,36,1,2,0,0,1
SN,AH,shareera,261,8,17,26,29,18,9,21,2,36,2,2,0,0,1
SN,AH,shareera,262,7,18,25,29,17,8,22,2,34,2,1,0,0,1
SN,AH,shareera,263,7,18,26,29,17,8,22,2,33,2,1,0,0,1
SN,AH,shareera,264,6,18,26,30,16,8,23,2,33,2,1,0,0,1
SN,AH,shareera,265,5,18,25,32,15,9,22,2,34,2,1,0,0,1
SN,AH,shareera,266,5,18,25,33,15,9,22,2,33,2,1,0,0,1
SN,AH,shareera,267,5,18,27,32,16,9,21,2,32,2,1,0,0,1
SN,AH,shareera,268,5,19,28,31,15,8,18,2,32,2,0,0,0,1
SN,AH,shareera,269,4,19,28,31,15,8,18,2,33,2,0,0,0,1
SN,AH,shareera,270,4,19,29,32,11,7,17,3,34,2,0,0,0,1
SN,AH,shareera,271,4,19,29,32,11,7,17,3,34,2,0,0,0,1
SN,AH,shareera,272,4,20,29,30,10,7,16,3,35,2,0,0,0,1
SN,AH,shareera,273,4,19,30,31,11,7,15,3,36,2,0,0,0,1
SN,AH,shareera,274,4,18,31,30,11,7,15,4,36,2,0,0,0,1
SN,AH,shareera,275,5,17,31,31,10,6,15,4,39,2,0,0,0,1
SN,AH,shareera,276,7,17,30,30,10,6,15,4,39,2,0,0,0,1
SN,AH,shareera,277,8,17,31,28,9,7,14,4,40,2,0,0,0,1
SN,AH,shareera,278,7,17,31,29,10,7,13,4,40,2,0,0,0,1
SN,AH,shareera,279,7,17,31,29,9,7,13,4,41,2,0,0,0,1
SN,AH,shareera,280,6,18,32,26,10,7,12,4,40,1,0,0,0,0
SN,AH,shareera,281,6,19,32,24,10,8,13,3,40,1,0,0,0,0
SN,AH,shareera,282,5,19,32,24,10,8,14,3,40,1,0,0,0,0
SN,AH,shareera,283,5,19,32,23,9,9,15,3,40,1,0,0,0,0
SN,AH,shareera,284,5,19,32,23,10,10,16,3,37,1,0,0,0,0
SN,AH,shareera,285,6,19,32,23,10,10,17,3,35,1,0,0,0,0
SN,AH,shareera,286,5,20,33,21,10,10,18,3,34,0,0,0,0,0
SN,AH,shareera,287,6,19,34,22,12,10,17,3,32,1,0,0,0,0
SN,AH,shareera,288,8,19,33,21,12,10,18,3,31,1,0,0,0,0
SN,AH,shareera,289,8,18,32,23,13,10,20,3,32,1,1,0,0,0
SN,AH,shareera,290,8,18,32,22,14,9,20,3,33,1,1,0,0,0
SN,AH,shareera,291,8,18,33,21,13,9,20,3,34,1,1,0,0,0
SN,AH,shareera,292,9,18,32,23,11,9,19,3,35,1,1,0,0,0
SN,AH,shareera,293,9,17,32,24,15,8,20,3,33,1,1,0,0,0
SN,AH,shareera,294,10,17,32,23,17,8,20,3,31,1,1,0,0,0
SN,AH,shareera,295,10,17,32,22,17,8,19,3,33,1,1,0,0,0
SN,AH,shareera,296,10,17,32,23,18,7,19,3,32,1,1,0,0,0
SN,AH,shareera,297,11,16,32,23,18,8,20,4,29,1,1,0,0,0
SN,AH,shareera,298,11,17,31,21,19,8,21,4,27,1,1,0,0,0
SN,AH,shareera,299,12,17,29,23,21,11,20,3,25,1,1,0,0,0
SN,AH,shareera,300,12,18,29,22,22,11,20,3,22,1,1,0,0,0
SN,AH,shareera,301,11,17,32,24,25,13,20,3,23,2,1,0,0,0
SN,AH,shareera,302,10,17,31,26,25,12,22,3,22,2,1,0,0,0
SN,AH,shareera,303,11,17,31,27,25,14,26,3,22,2,1,0,0,0
SN,AH,shareera,304,11,17,31,27,24,14,26,3,23,2,1,0,0,0
SN,AH,shareera,305,12,17,29,28,24,15,25,3,23,2,1,0,0,0
SN,AH,shareera,306,13,17,31,28,24,14,25,3,21,2,1,0,0,0
SN,AH,shareera,307,13,17,29,30,27,15,25,2,20,2,1,0,0,0
SN,AH,shareera,308,13,17,29,30,26,15,26,2,20,2,1,0,0,0
SN,AH,shareera,309,13,17,29,32,25,14,25,2,21,2,1,0,0,0
SN,AH,shareera,310,13,17,30,31,25,16,24,2,20,2,1,0,0,0
SN,AH,shareera,311,14,17,30,32,24,16,25,2,20,2,1,0,0,0
SN,AH,shareera,312,14,18,30,33,22,15,27,2,20,1,1,0,0,0
SN,AH,shareera,313,13,18,30,36,22,15,28,2,19,1,1,0,0,0
SN,AH,shareera,314,14,19,30,35,21,15,27,2,18,1,0,0,0,0
SN,AH,shareera,315,14,19,31,34,21,15,27,2,18,1,0,0,0,0
SN,AH,shareera,316,15,19,30,33,21,15,27,2,19,1,0,0,0,0
SN,AH,shareera,317,14,18,29,33,23,17,28,2,19,1,0,0,0,0
SN,AH,shareera,318,15,19,29,33,20,17,27,2,19,1,0,0,0,0
SN,AH,shareera,319,15,18,29,36,19,17,28,2,21,1,1,0,0,0
SN,AH,shareera,320,15,19,29,35,19,17,28,1,22,1,1,0,0,0
SN,AH,shareera,321,15,19,29,34,19,17,28,1,23,1,1,0,0,0
SN,AH,shareera,322,14,20,30,35,19,16,28,0,23,1,1,0,0,0
SN,AH,shareera,323,15,20,30,37,17,16,27,0,23,1,1,0,0,0
SN,AH,shareera,324,14,20,31,37,15,13,28,1,24,1,1,0,0,0
SN,AH,shareera,325,13,19,30,39,15,13,29,1,26,1,1,0,0,0
SN,AH,shareera,326,12,20,28,37,12,13,27,1,26,0,1,0,0,0
SN,AH,shareera,327,13,19,27,37,13,13,26,1,29,0,1,0,0,0
SN,AH,shareera,328,12,19,26,36,12,12,22,1,30,0,1,0,0,0
SN,AH,shareera,329,12,18,26,38,13,11,22,1,31,0,1,0,0,0
SN,AH,shareera,330,11,18,26,37,13,12,22,1,32,0,1,0,0,0
SN,AH,shareera,331,10,17,24,39,13,12,21,2,34,0,1,0,0,0
SN,AH,shareera,332,10,18,24,38,10,11,23,2,34,0,1,0,0,0
SN,AH,shareera,333,10,18,24,37,10,11,22,2,36,0,1,0,0,0
SN,AH,shareera,334,10,18,24,36,10,10,23,2,37,0,1,0,0,0
SN,AH,shareera,335,10,17,23,39,11,8,24,2,41,0,1,0,0,0
SN,AH,shareera,336,9,17,23,38,12,8,23,2,41,0,1,0,0,0
SN,AH,shareera,337,9,17,23,37,13,8,20,2,42,0,1,0,0,0
SN,AH,shareera,338,8,17,23,35,15,8,18,2,43,0,1,0,0,0
SN,AH,shareera,339,9,16,25,34,16,10,17,2,42,0,2,0,0,0
SN,AH,shareera,340,9,16,24,34,15,11,17,2,43,0,2,0,0,0
SN,AH,shareera,341,9,15,23,38,17,11,17,2,41,0,2,0,0,0
SN,AH,shareera,342,9,16,24,37,16,9,16,2,42,0,2,0,0,0
SN,AH,shareera,343,8,15,24,37,17,10,16,2,46,0,3,0,0,0
SN,AH,shareera,344,7,15,25,35,16,10,15,3,45,0,2,0,0,0
SN,AH,shareera,345,10,14,24,36,18,10,16,3,42,0,2,0,0,0
SN,AH,shareera,346,10,14,24,36,17,10,18,3,41,0,2,0,0,0
SN,AH,shareera,347,12,13,22,37,18,10,19,3,41,0,2,0,0,0
SN,AH,shareera,348,11,12,22,36,18,11,19,4,42,0,2,0,0,0
SN,AH,shareera,349,11,12,22,35,18,13,21,3,43,1,3,0,0,0
SN,AH,shareera,350,11,13,23,32,17,15,20,3,42,1,3,0,0,0
SN,AH,shareera,351,11,12,23,33,18,14,23,3,41,1,3,0,0,0
SN,AH,shareera,352,10,13,24,33,18,14,22,3,39,1,3,0,0,0
SN,AH,shareera,353,11,12,24,33,18,13,22,4,39,1,3,0,0,0
SN,AH,shareera,354,11,13,24,32,17,13,22,4,38,1,3,0,0,0
SN,AH,shareera,355,11,12,23,34,18,11,24,4,39,1,3,0,0,0
SN,AH,shareera,356,11,13,23,33,18,12,24,3,39,1,3,0,0,0
SN,AH,shareera,357,12,13,24,32,19,12,22,3,39,1,3,0,0,0
SN,AH,shareera,358,12,13,24,34,20,11,21,3,38,1,3,0,0,0
SN,AH,shareera,359,12,12,24,36,22,11,22,3,36,1,3,0,0,0
SN,AH,shareera,360,11,13,24,34,21,11,23,3,33,1,3,0,0,0
SN,AH,shareera,361,11,12,24,36,22,11,24,3,32,1,3,0,0,0
SN,AH,shareera,362,11,12,24,36,22,11,24,3,32,1,3,0,0,0
SN,AH,shareera,363,12,12,24,36,20,11,25,3,32,1,3,0,0,0
SN,AH,shareera,364,11,13,23,35,19,11,24,3,32,1,2,0,0,0
SN,AH,shareera,365,11,12,23,36,20,10,25,4,30,1,2,0,0,0
SN,AH,shareera,366,10,13,24,33,18,10,25,4,32,1,2,0,0,0
SN,AH,shareera,367,10,13,25,33,17,11,25,4,31,1,2,0,0,0
SN,AH,shareera,368,10,14,26,31,15,11,25,4,29,1,1,0,0,0
SN,AH,shareera,369,11,14,24,34,17,11,25,3,28,1,1,0,0,0
SN,AH,shareera,370,8,15,24,35,15,11,26,3,28,1,1,0,0,0
SN,AH,shareera,371,8,15,24,36,15,11,24,3,29,1,1,0,0,0
SN,AH,shareera,372,7,16,26,33,14,11,22,3,31,1,1,0,0,0
SN,AH,shareera,373,7,17,26,34,14,10,23,2,30,1,1,0,0,0
SN,AH,shareera,374,7,18,26,34,14,8,22,2,29,0,0,0,0,0
SN,AH,shareera,375,7,18,26,35,14,6,24,2,28,0,0,0,0,0
SN,AH,shareera,376,7,18,26,34,14,5,21,3,30,0,0,0,0,0
SN,AH,shareera,377,7,18,26,33,13,5,23,3,30,0,0,0,0,0
SN,AH,shareera,378,6,18,26,33,13,5,25,3,29,0,0,0,0,0
SN,AH,shareera,379,6,18,26,33,14,5,25,3,28,0,0,0,0,0
SN,AH,shareera,380,6,19,27,32,12,6,23,3,28,0,0,0,0,0
SN,AH,shareera,381,6,19,27,33,13,5,24,3,26,0,0,0,0,0
SN,AH,shareera,382,5,19,27,33,12,6,24,3,27,0,0,0,0,0
SN,AH,shareera,383,5,19,27,31,11,6,26,3,28,0,0,0,0,0
SN,AH,shareera,384,5,20,27,29,9,7,24,3,30,0,0,0,0,0
SN,AH,shareera,385,5,20,27,29,11,8,22,3,29,0,0,0,0,0
SN,AH,shareera,386,5,21,27,27,10,8,20,3,31,0,0,0,0,0
SN,AH,shareera,387,4,21,27,27,9,8,21,3,32,0,0,0,0,0
SN,AH,shareera,388,3,21,27,27,10,8,20,3,33,0,0,0,0,0
SN,AH,shareera,389,2,21,26,28,10,6,20,3,36,0,0,0,0,0
SN,AH,shareera,390,2,22,26,28,9,6,20,2,37,0,0,0,0,0
SN,AH,shareera,391,2,22,26,28,10,6,21,2,35,0,0,0,0,0
SN,AH,shareera,392,2,22,25,27,11,6,22,2,35,0,0,0,0,0
SN,AH,shareera,393,3,21,23,28,12,6,23,2,36,0,0,0,0,0
SN,AH,shareera,394,2,22,24,25,10,6,23,2,38,0,0,0,0,0
SN,AH,shareera,395,2,22,25,24,11,7,22,2,37,0,0,0,0,0
SN,AH,shareera,396,2,21,25,23,11,8,22,3,37,0,0,0,0,0
SN,AH,shareera,397,2,21,24,25,11,9,22,3,35,0,0,0,0,0
SN,AH,shareera,398,3,20,24,25,11,9,21,4,35,0,0,0,0,0
SN,AH,shareera,399,3,19,25,25,11,10,19,5,35,0,0,0,0,0
SN,AH,shareera,400,4,18,25,24,11,10,19,6,35,0,0,0,0,0
SN,AH,shareera,401,4,19,25,24,10,11,20,5,34,0,0,0,0,0
SN,AH,shareera,402,4,19,25,24,11,12,18,5,34,0,0,0,0,0
SN,AH,shareera,403,4,20,26,23,11,12,17,4,35,0,0,0,0,0
SN,AH,shareera,404,4,20,27,22,12,12,17,4,34,0,0,0,0,0
SN,AH,shareera,405,5,19,27,23,14,11,18,4,32,1,0,0,0,0
SN,AH,shareera,406,5,19,27,22,13,11,19,4,33,1,0,0,0,0
SN,AH,shareera,407,5,19,27,24,14,10,19,4,31,1,0,0,0,0
SN,AH,shareera,408,6,19,27,26,14,10,18,4,29,1,0,0,0,0
SN,AH,shareera,409,6,19,27,26,14,9,18,4,30,1,0,0,0,0
SN,AH,shareera,410,7,19,27,26,12,8,19,4,31,1,0,0,0,0
SN,AH,shareera,411,7,19,27,26,12,8,20,4,30,1,0,0,0,0
SN,AH,shareera,412,7,19,27,26,12,9,19,4,30,1,0,0,0,0
SN,AH,shareera,413,7,19,27,27,11,9,19,4,30,1,0,0,0,0
SN,AH,shareera,414,7,19,27,27,11,9,19,4,30,1,0,0,0,0
SN,AH,shareera,415,7,19,28,26,12,9,18,4,30,1,0,0,0,0
SN,AH,shareera,416,7,19,27,25,11,9,17,4,29,1,0,0,0,0
SN,AH,shareera,417,7,19,28,26,10,8,17,4,29,1,0,0,0,0
SN,AH,shareera,418,7,20,30,26,9,7,17,4,26,1,0,0,0,0
SN,AH,shareera,419,7,20,30,26,10,7,16,4,26,1,0,0,0,0
SN,AH,shareera,420,7,20,30,27,11,6,15,4,26,1,0,0,0,0
SN,AH,shareera,421,8,20,29,29,13,5,16,3,25,1,0,0,0,0
SN,AH,shareera,422,7,19,29,27,13,6,17,4,26,1,0,0,0,0
SN,AH,shareera,423,7,20,29,25,15,6,17,3,26,1,0,0,0,0
SN,AH,shareera,424,7,21,28,26,16,5,18,2,25,1,0,0,0,0
SN,AH,shareera,425,6,22,28,27,17,5,17,1,25,1,0,0,0,0
SN,AH,shareera,426,6,22,28,26,18,4,16,1,27,1,0,0,0,0
SN,AH,shareera,427,7,22,28,25,18,3,16,1,28,1,0,0,0,0
SN,AH,shareera,428,7,22,28,26,18,3,15,1,28,1,0,0,0,0
SN,AH,shareera,429,7,21,26,29,18,4,15,1,29,1,0,0,0,0
SN,AH,shareera,430,6,22,26,28,16,4,14,1,32,0,0,0,0,0
SN,AH,shareera,431,6,22,25,27,18,4,14,1,32,0,0,0,0,0
SN,AH,shareera,432,6,22,25,26,17,4,14,1,34,0,0,0,0,0
SN,AH,shareera,433,6,21,24,27,18,4,14,1,36,0,0,0,0,0
SN,AH,shareera,434,6,21,25,28,18,4,14,1,34,0,0,0,0,0
SN,AH,shareera,435,5,21,25,28,18,4,13,1,36,0,0,0,0,0
SN,AH,shareera,436,5,20,25,27,18,5,12,2,37,0,0,0,0,0
SN,AH,shareera,437,5,20,25,28,19,4,13,2,35,0,0,0,0,0
SN,AH,shareera,438,5,20,25,29,19,4,13,2,34,0,0,0,0,0
SN,AH,shareera,439,6,19,24,31,21,4,13,2,33,0,0,0,0,0
SN,AH,shareera,440,6,19,23,32,20,4,13,2,34,0,0,0,0,0
SN,AH,shareera,441,6,18,23,36,21,4,14,2,36,0,0,0,0,0
SN,AH,shareera,442,6,17,22,36,22,4,13,3,37,0,0,0,0,0
SN,AH,shareera,443,5,16,20,37,24,4,13,3,40,0,0,0,0,0
SN,AH,shareera,444,5,15,20,37,24,4,14,4,39,0,0,0,0,0
SN,AH,shareera,445,6,14,19,37,24,4,14,4,42,0,0,0,0,0
SN,AH,shareera,446,5,15,21,34,22,4,13,4,44,0,0,0,0,0
SN,AH,shareera,447,5,16,22,35,22,2,13,3,44,0,0,0,0,0
SN,AH,shareera,448,4,16,23,36,20,2,12,3,46,0,0,0,0,0
SN,AH,shareera,449,4,16,23,35,19,2,12,3,48,0,0,0,0,0
SN,AH,shareera,450,4,16,23,36,19,2,12,3,47,0,0,0,0,0
SN,AH,shareera,451,4,16,23,38,18,2,12,3,46,0,0,0,0,0
SN,AH,shareera,452,3,16,23,39,17,2,14,3,45,0,0,0,0,0
SN,AH,shareera,453,5,15,21,40,20,2,14,3,44,0,0,0,0,0
SN,AH,shareera,454,5,16,22,38,18,2,13,3,45,0,0,0,0,0
SN,AH,shareera,455,5,16,22,39,18,2,15,3,42,0,0,0,0,0
SN,AH,shareera,456,5,16,23,39,17,2,16,3,41,0,0,0,0,0
SN,AH,shareera,457,5,16,23,38,18,3,15,3,41,0,0,0,0,0
SN,AH,shareera,458,5,17,24,37,17,4,14,3,39,0,0,0,0,0
SN,AH,shareera,459,5,17,23,35,17,4,16,3,40,0,0,0,0,0
SN,AH,shareera,460,5,17,23,35,18,4,17,3,38,0,0,0,0,0
SN,AH,shareera,461,5,18,23,35,18,4,17,2,38,0,0,0,0,0
SN,AH,shareera,462,5,18,23,34,17,5,17,2,39,0,0,0,0,0
SN,AH,shareera,463,5,18,24,31,18,5,18,2,39,0,0,0,0,0
SN,AH,shareera,464,4,19,25,29,16,5,20,2,38,0,0,0,0,0
SN,AH,shareera,465,4,19,25,28,17,6,20,2,37,0,0,0,0,0
SN,AH,shareera,466,4,20,26,25,16,6,19,2,38,0,0,0,0,0
SN,AH,shareera,467,5,20,26,26,17,6,19,1,38,0,0,0,0,0
SN,AH,shareera,468,5,21,27,25,15,6,20,1,36,0,0,0,0,0
SN,AH,shareera,469,5,21,27,26,15,8,20,0,38,0,1,0,0,0
SN,AH,shareera,470,4,22,28,25,14,8,21,0,36,0,1,0,0,0
SN,AH,shareera,471,4,21,26,28,16,9,22,0,34,0,1,0,0,0
SN,AH,shareera,472,4,21,25,27,16,10,21,0,36,0,1,0,0,0
SN,AH,shareera,473,5,20,24,28,18,11,21,0,35,0,1,0,0,0
SN,AH,shareera,474,5,20,25,28,18,12,20,0,34,0,1,0,0,0
SN,AH,shareera,475,5,20,26,28,18,12,19,0,34,0,1,0,0,0
SN,AH,shareera,476,6,20,27,26,19,12,20,0,32,0,1,0,0,0
SN,AH,shareera,477,6,20,27,25,21,12,20,0,31,0,1,0,0,0
SN,AH,shareera,478,4,21,28,23,18,13,21,0,32,0,1,0,0,0
SN,AH,shareera,479,4,21,28,25,18,12,22,0,30,0,1,0,0,0
SN,AH,shareera,480,4,21,29,24,18,12,21,0,31,0,1,0,0,0
SN,AH,shareera,481,4,21,29,24,18,13,18,0,33,0,1,0,0,0
SN,AH,shareera,482,4,21,29,25,17,12,20,0,32,0,1,0,0,0
SN,AH,shareera,483,3,21,29,24,17,12,20,0,34,0,1,0,0,0
SN,AH,shareera,484,3,21,28,24,17,12,18,0,32,0,1,0,0,0
SN,AH,shareera,485,3,20,28,25,16,12,17,1,33,0,1,0,0,0
SN,AH,shareera,486,3,20,28,26,16,11,18,1,32,0,1,0,0,0
SN,AH,shareera,487,3,19,28,28,17,11,18,1,32,0,1,0,0,0
SN,AH,shareera,488,3,19,27,28,16,12,18,1,33,0,1,0,0,0
SN,AH,shareera,489,5,19,28,29,16,12,17,1,33,1,1,0,0,0
SN,AH,shareera,490,7,19,29,31,15,11,18,1,32,2,1,0,0,0
SN,AH,shareera,491,8,19,29,31,15,13,18,1,30,3,1,0,0,0
SN,AH,shareera,492,8,20,29,30,13,15,18,1,29,4,1,0,0,0
SN,AH,shareera,493,10,19,32,30,15,20,18,1,29,5,1,0,1,0
SN,AH,shareera,494,10,19,33,28,15,21,18,1,26,5,0,0,2,0
SN,AH,shareera,495,12,18,33,31,15,22,19,2,25,5,0,0,2,0
SN,AH,shareera,496,13,18,34,30,13,21,20,3,25,5,0,0,2,0
SN,AH,shareera,497,14,17,34,31,14,20,23,3,24,5,0,0,2,0
SN,AH,shareera,498,13,18,34,31,12,20,23,3,24,5,0,0,2,0
SN,AH,shareera,499,13,17,32,32,15,19,23,3,28,5,0,0,2,0
SN,AH,shareera,500,13,17,30,32,14,19,25,3,31,5,0,0,2,0
SN,AH,shareera,501,12,16,29,32,14,24,27,3,32,5,1,0,2,0
SN,AH,shareera,502,17,15,28,33,12,24,25,3,32,7,1,0,2,0
SN,AH,shareera,503,17,14,29,34,12,24,25,3,32,8,1,0,3,0
SN,AH,shareera,504,18,13,30,32,12,25,24,3,34,9,1,0,4,0
SN,AH,shareera,505,18,13,28,33,12,25,25,3,36,9,1,0,4,0
SN,AH,shareera,506,18,12,27,34,11,24,27,4,38,9,1,0,4,0
SN,AH,shareera,507,19,11,28,35,11,24,26,5,38,9,1,0,4,0
SN,AH,shareera,508,20,10,28,36,11,23,28,6,37,9,1,0,4,0
SN,AH,shareera,509,21,9,30,38,11,23,31,6,38,9,1,0,4,0
SN,AH,shareera,510,21,10,30,37,11,24,32,5,37,9,1,0,4,0
SN,AH,shareera,511,21,9,29,39,14,24,31,5,39,9,1,0,4,0
SN,AH,shareera,512,21,10,28,38,13,23,32,5,41,9,1,0,4,0
SN,AH,shareera,513,22,10,29,41,13,22,32,5,39,9,1,0,4,0
SN,AH,shareera,514,21,10,29,41,13,22,33,5,38,8,1,0,4,0
SN,AH,shareera,515,20,9,29,40,13,23,32,5,39,8,1,0,5,0
SN,AH,shareera,516,20,8,30,40,13,22,32,5,40,8,1,0,6,0
SN,AH,shareera,517,22,7,30,42,15,21,32,5,40,8,1,0,6,0
SN,AH,shareera,518,20,7,28,41,14,19,31,5,39,7,1,0,6,0
SN,AH,shareera,519,22,7,27,44,14,17,32,6,40,7,1,0,5,0
SN,AH,shareera,520,21,8,27,43,13,16,32,5,40,7,1,0,5,0
SN,AH,shareera,521,20,8,26,41,17,16,30,4,43,7,1,0,5,0
SN,AH,shareera,522,19,8,25,40,20,16,27,4,45,7,1,0,5,0
SN,AH,shareera,523,20,7,26,40,28,15,28,5,53,7,1,0,5,0
SN,AH,shareera,524,21,7,27,40,25,15,30,6,49,7,1,0,5,0
SN,AH,shareera,525,22,6,30,39,26,15,29,6,47,8,1,0,5,0
SN,AH,shareera,526,22,7,30,39,25,11,28,6,47,8,0,0,5,0
SN,AH,shareera,527,17,8,32,38,25,13,28,6,48,6,0,0,5,0
SN,AH,shareera,528,18,9,31,38,25,12,28,6,47,5,0,0,4,0
SN,AH,shareera,529,17,10,30,38,27,11,28,6,46,4,0,0,3,0
SN,AH,shareera,530,17,10,31,37,27,11,26,6,46,4,0,0,3,0
SN,AH,shareera,531,17,11,32,37,27,11,25,5,44,4,0,0,3,0
SN,AH,shareera,532,16,12,31,35,27,12,24,4,46,4,0,0,3,0
SN,AH,shareera,533,15,13,32,35,27,12,23,3,45,4,0,0,3,0
SN,AH,shareera,534,14,14,31,33,28,13,20,3,46,4,0,0,3,0
SN,AH,shareera,535,14,14,31,34,29,12,19,3,46,4,0,0,3,0
SN,AH,shareera,536,14,15,32,32,25,12,20,3,45,4,0,0,3,0
SN,AH,shareera,537,16,15,34,30,25,12,18,3,43,4,0,0,3,0
SN,AH,shareera,538,15,15,33,29,25,12,17,3,45,4,0,0,3,0
SN,AH,shareera,539,14,14,31,29,27,13,16,3,47,4,0,0,3,0
SN,AH,shareera,540,13,15,30,29,28,12,16,3,47,3,0,0,2,0
SN,AH,shareera,541,12,16,30,29,28,11,16,3,47,2,0,0,1,0
SN,AH,shareera,542,9,17,30,27,26,10,17,3,48,1,0,0,1,0
SN,AH,shareera,543,9,18,30,29,25,8,16,3,48,1,0,0,0,0
SN,AH,shareera,544,8,19,30,26,25,8,14,2,48,1,0,0,0,0
SN,AH,shareera,545,8,19,30,23,27,8,12,2,49,1,0,0,0,0
SN,AH,shareera,546,8,20,31,25,23,8,13,2,46,1,0,0,0,0
SN,AH,shareera,547,8,20,31,29,21,8,14,2,43,1,0,0,0,0
SN,AH,shareera,548,7,20,32,28,13,8,14,2,34,1,0,0,0,0
SN,AH,shareera,549,6,21,32,27,13,9,13,1,34,1,0,0,0,0
SN,AH,shareera,550,5,22,30,27,13,9,12,1,35,0,0,0,0,0
SN,AH,shareera,551,5,22,30,27,13,10,12,1,34,0,0,0,0,0
SN,AH,shareera,552,5,22,29,28,13,8,12,1,36,0,0,0,0,0
SN,AH,shareera,553,4,22,29,28,13,8,11,1,38,0,0,0,0,0
SN,AH,shareera,554,4,22,30,27,11,8,11,1,40,0,0,0,0,0
SN,AH,shareera,555,5,21,29,30,12,8,11,1,39,0,0,0,0,0
SN,AH,shareera,556,5,21,29,30,12,8,11,1,39,0,0,0,0,0
SN,AH,shareera,557,5,20,28,31,15,9,12,1,37,0,0,0,0,0
SN,AH,shareera,558,5,20,27,32,16,9,11,1,37,0,0,0,0,0
SN,AH,shareera,559,6,19,27,36,16,8,12,1,35,0,0,0,0,0
SN,AH,shareera,560,6,19,28,36,15,8,12,1,35,0,0,0,0,0
SN,AH,shareera,561,6,19,28,35,16,8,13,1,34,0,0,0,0,0
SN,AH,shareera,562,4,18,27,36,18,8,13,2,34,0,0,0,0,0
SN,AH,shareera,563,4,17,27,36,18,8,14,3,33,0,0,0,0,0
SN,AH,shareera,564,4,18,28,34,17,8,14,3,32,0,0,0,0,0
SN,AH,shareera,565,5,18,28,33,18,9,14,3,30,0,0,0,0,0
SN,AH,shareera,566,5,18,27,32,18,10,14,3,31,0,0,0,0,0
SN,AH,shareera,567,6,18,27,32,18,10,13,3,31,0,0,0,0,0
SN,AH,shareera,568,7,18,26,32,18,9,14,3,31,0,0,0,0,0
SN,AH,shareera,569,6,18,26,32,17,9,15,3,32,0,0,0,0,0
SN,AH,shareera,570,5,18,27,32,15,9,17,3,32,0,0,0,0,0
SN,AH,shareera,571,5,18,28,34,17,9,17,3,35,0,0,0,0,0
SN,AH,shareera,572,5,19,29,32,15,9,16,3,36,0,0,0,0,0
SN,AH,shareera,573,5,20,27,31,16,9,16,2,38,0,0,0,0,0
SN,AH,shareera,574,5,20,27,31,17,8,16,2,38,0,0,0,0,0
SN,AH,shareera,575,6,19,27,32,17,8,18,2,37,0,0,0,0,0
SN,AH,shareera,576,6,19,27,33,18,7,17,2,37,0,0,0,0,0
SN,AH,shareera,577,6,18,26,35,21,8,17,2,34,1,0,0,0,0
SN,AH,shareera,578,6,18,26,34,21,8,19,2,33,1,0,0,0,0
SN,AH,shareera,579,7,18,25,34,21,8,20,2,32,1,0,0,0,0
SN,AH,shareera,580,6,19,26,31,20,8,21,2,32,1,0,0,0,0
SN,AH,shareera,581,6,19,26,30,20,9,20,2,33,1,0,0,0,0
SN,AH,shareera,582,7,20,28,30,17,7,19,2,33,1,0,0,0,0
SN,AH,shareera,583,7,19,27,29,18,8,21,2,34,1,0,0,0,0
SN,AH,shareera,584,6,20,27,25,17,8,22,2,36,1,0,0,0,0
SN,AH,shareera,585,6,19,26,23,17,9,22,3,38,1,0,0,0,0
SN,AH,shareera,586,7,19,27,23,16,9,21,3,38,1,0,0,0,0
SN,AH,shareera,587,7,20,28,22,14,11,21,2,38,1,0,0,0,0
SN,AH,shareera,588,7,21,28,21,14,12,20,1,39,1,0,0,0,0
SN,AH,shareera,589,8,20,27,23,14,11,19,1,41,2,0,0,0,0
SN,AH,shareera,590,7,19,27,24,12,10,20,2,43,2,0,0,0,0
SN,AH,shareera,591,8,18,26,28,14,9,21,2,40,2,0,0,0,0
SN,AH,shareera,592,7,17,26,28,16,9,21,2,39,2,1,0,0,0
SN,AH,shareera,593,6,17,26,27,17,9,20,2,41,2,1,0,0,0
SN,AH,shareera,594,6,17,26,29,18,8,19,2,40,2,1,0,0,0
SN,AH,shareera,595,6,16,27,31,20,9,17,2,41,2,2,0,0,0
SN,AH,shareera,596,6,15,26,29,19,9,16,3,38,2,2,0,0,0
SN,AH,shareera,597,7,15,26,28,20,9,17,3,36,2,2,0,0,0
SN,AH,shareera,598,7,15,26,28,20,11,16,3,35,2,2,0,0,0
SN,AH,shareera,599,7,14,25,29,21,11,17,3,36,2,2,0,0,0
SN,AH,shareera,600,6,15,25,27,21,12,17,3,35,2,2,0,0,0
SN,AH,shareera,601,7,15,25,28,20,11,17,3,35,2,2,0,0,0
SN,AH,shareera,602,7,16,27,26,17,10,18,3,36,1,2,0,0,0
SN,AH,shareera,603,8,15,26,30,19,10,16,3,34,2,2,0,0,0
SN,AH,shareera,604,7,15,26,31,20,10,15,3,34,2,2,0,0,0
SN,AH,shareera,605,8,15,26,32,22,12,17,3,34,2,2,0,0,0
SN,AH,shareera,606,8,15,26,33,23,12,17,3,32,2,2,0,0,0
SN,AH,shareera,607,8,15,25,33,25,12,17,3,31,2,2,0,0,0
SN,AH,shareera,608,8,16,26,33,24,11,15,3,31,2,2,0,0,0
SN,AH,shareera,609,8,16,26,34,25,12,13,3,30,2,2,0,0,0
SN,AH,shareera,610,8,17,26,34,25,12,15,2,28,2,2,0,0,0
SN,AH,shareera,611,7,17,26,38,27,12,17,2,29,2,2,0,0,0
SN,AH,shareera,612,9,17,26,39,27,10,17,2,28,2,2,0,0,0
SN,AH,shareera,613,9,17,27,41,29,9,18,2,31,2,2,0,0,0
SN,AH,shareera,614,8,18,29,40,28,9,19,2,29,1,2,0,0,0
SN,AH,shareera,615,9,19,30,44,29,9,20,1,29,1,2,0,0,0
SN,AH,shareera,616,8,20,32,40,28,9,19,1,31,1,2,0,0,0
SN,AH,shareera,617,8,21,33,40,26,9,20,1,31,1,1,0,0,0
SN,AH,shareera,618,8,21,34,40,26,9,21,1,29,1,1,0,0,0
SN,AH,shareera,619,10,20,34,39,27,10,21,1,29,1,1,0,0,0
SN,AH,shareera,620,10,21,32,38,26,9,22,1,28,1,0,0,0,0
SN,AH,shareera,621,10,22,32,38,25,9,23,0,28,1,0,0,0,0
SN,AH,shareera,622,9,21,32,38,24,9,23,1,30,1,0,0,0,0
SN,AH,shareera,623,9,21,32,39,23,8,23,1,31,1,0,0,0,0
SN,AH,shareera,624,9,22,32,38,21,8,22,1,31,2,0,0,0,0
SN,AH,shareera,625,9,22,31,40,21,7,21,1,32,2,0,0,0,0
SN,AH,shareera,626,8,22,31,38,22,8,21,1,33,2,0,0,0,0
SN,AH,shareera,627,9,22,31,38,22,8,21,1,32,2,0,0,0,0
SN,AH,shareera,628,8,22,32,35,21,8,21,2,34,1,0,0,0,0
SN,AH,shareera,629,9,22,32,36,20,8,21,2,33,1,0,0,0,0
SN,AH,shareera,630,8,22,31,36,19,6,19,2,32,1,0,0,0,0
SN,AH,shareera,631,9,21,31,36,19,5,23,2,31,1,0,0,0,0
SN,AH,shareera,632,8,21,31,37,17,5,25,2,31,1,0,0,0,0
SN,AH,shareera,633,8,20,31,38,17,5,26,2,32,1,0,0,0,0
SN,AH,shareera,634,8,20,31,39,17,5,26,2,31,1,0,0,0,0
SN,AH,shareera,635,9,20,32,39,17,4,25,2,31,1,0,0,0,0
SN,AH,shareera,636,10,20,31,35,16,5,22,2,30,1,0,0,0,0
SN,AH,shareera,637,8,20,30,34,16,6,22,2,33,1,0,0,0,0
SN,AH,shareera,638,8,20,29,31,14,7,22,2,30,1,0,0,0,0
SN,AH,shareera,639,9,19,28,32,16,7,21,2,30,2,0,0,0,0
SN,AH,shareera,640,9,19,28,27,15,7,20,2,29,2,0,0,0,0
SN,AH,shareera,641,9,19,26,28,14,7,23,2,28,2,0,0,0,0
SN,AH,shareera,642,9,19,25,28,14,8,22,2,29,2,0,0,0,0
SN,AH,shareera,643,11,18,23,29,14,8,21,2,31,3,0,0,0,0
SN,AH,shareera,644,9,19,23,29,12,8,22,2,31,3,0,0,0,0
SN,AH,shareera,645,10,18,22,29,13,8,22,2,32,4,0,0,0,0
SN,AH,shareera,646,10,18,22,27,14,10,21,2,32,4,0,0,0,0
SN,AH,shareera,647,11,18,22,29,15,10,21,1,31,4,0,0,0,0
SN,AH,shareera,648,11,18,22,28,17,9,22,1,30,4,0,0,0,0
SN,AH,shareera,649,11,18,23,28,17,9,22,1,30,3,0,0,0,0
SN,AH,shareera,650,11,18,24,27,17,10,21,1,30,3,0,0,0,0
SN,AH,shareera,651,13,17,25,28,18,9,20,1,30,3,0,0,0,0
SN,AH,shareera,652,13,17,24,28,20,9,19,1,30,3,0,0,0,0
SN,AH,shareera,653,13,18,25,28,19,9,19,0,30,3,0,0,0,0
SN,AH,shareera,654,12,18,25,27,20,9,20,0,30,3,0,0,0,0
SN,AH,shareera,655,13,17,25,27,20,10,20,0,31,3,0,0,0,0
SN,AH,shareera,656,12,18,26,27,19,10,16,0,33,3,0,0,0,0
SN,AH,shareera,657,13,18,28,28,20,11,16,0,35,3,0,0,0,0
SN,AH,shareera,658,13,19,28,26,20,11,17,0,33,3,0,0,0,0
SN,AH,shareera,659,13,19,28,25,20,10,18,0,34,3,0,0,0,0
SN,AH,shareera,660,12,19,26,28,21,10,18,0,33,3,0,0,0,0
SN,AH,shareera,661,12,19,26,30,20,9,18,0,33,3,0,0,0,0
SN,AH,shareera,662,12,19,26,31,21,9,18,0,31,3,0,0,0,0
SN,AH,shareera,663,12,19,26,34,21,8,18,0,29,3,0,0,0,0
SN,AH,shareera,664,11,20,26,33,19,8,19,0,30,2,0,0,0,0
SN,AH,shareera,665,10,19,24,35,21,8,20,0,31,2,0,0,0,0
SN,AH,shareera,666,11,19,25,35,23,8,17,0,30,2,0,0,0,0
SN,AH,shareera,667,13,18,24,35,24,8,19,0,29,2,0,0,0,0
SN,AH,shareera,668,12,19,26,33,23,8,20,0,28,1,0,0,0,0
SN,AH,shareera,669,12,19,26,32,25,7,21,0,27,1,0,0,0,0
SN,AH,shareera,670,12,19,27,31,23,8,20,1,27,0,0,0,0,0
SN,AH,shareera,671,12,18,27,33,24,7,22,1,26,0,0,0,0,0
SN,AH,shareera,672,11,19,27,31,23,7,21,1,28,0,0,0,0,0
SN,AH,shareera,673,11,19,28,31,22,7,21,1,28,0,0,0,0,0
SN,AH,shareera,674,12,19,28,30,23,8,21,1,26,0,0,0,0,0
SN,AH,shareera,675,12,18,29,31,24,7,23,1,25,0,0,0,0,0
SN,AH,shareera,676,10,19,28,31,22,8,23,1,26,0,0,0,0,0
SN,AH,shareera,677,11,18,28,34,21,8,23,1,26,0,0,0,0,0
SN,AH,shareera,678,12,18,27,33,22,9,23,1,25,0,0,0,0,0
SN,AH,shareera,679,12,17,27,32,21,10,24,2,25,0,0,0,0,0
SN,AH,shareera,680,11,18,29,31,20,10,23,2,24,0,0,0,0,0
SN,AH,shareera,681,11,17,27,31,21,12,26,2,23,0,0,0,0,0
SN,AH,shareera,682,10,17,26,30,20,11,24,2,22,0,0,0,0,0
SN,AH,shareera,683,10,16,26,32,20,11,24,2,25,0,1,0,0,0
SN,AH,shareera,684,10,16,26,32,19,12,23,2,26,0,1,0,0,0
SN,AH,shareera,685,11,15,27,30,18,12,23,3,27,0,1,0,0,0
SN,AH,shareera,686,10,15,27,28,18,12,25,3,28,0,1,0,0,0
SN,AH,shareera,687,10,15,27,28,17,12,25,3,29,0,1,0,0,0
SN,AH,shareera,688,10,15,27,26,17,13,25,3,30,0,1,0,0,0
SN,AH,shareera,689,10,14,28,26,17,16,25,3,31,0,2,0,0,0
SN,AH,shareera,690,10,15,29,25,15,16,24,3,31,0,2,0,0,0
SN,AH,shareera,691,10,15,30,24,13,16,24,3,33,0,2,0,0,0
SN,AH,shareera,692,9,16,31,25,12,15,22,3,33,0,2,0,0,0
SN,AH,shareera,693,8,16,31,28,12,15,21,3,32,0,2,0,0,0
SN,AH,shareera,694,8,15,31,31,10,15,20,4,32,0,2,0,0,0
SN,AH,shareera,695,8,15,32,32,10,14,21,4,30,0,2,0,0,0
SN,AH,shareera,696,8,16,32,32,8,14,20,4,30,0,2,0,0,0
SN,AH,shareera,697,8,16,31,33,9,15,21,4,27,0,2,0,0,0
SN,AH,shareera,698,8,16,30,33,8,16,21,4,28,0,2,0,0,0
SN,AH,shareera,699,7,16,30,33,8,15,21,4,30,0,2,0,0,0
SN,AH,shareera,700,7,16,29,32,6,15,19,5,33,0,2,0,0,0
SN,AH,shareera,701,7,15,28,34,7,14,19,5,34,1,2,0,0,0
SN,AH,shareera,702,5,16,29,31,6,14,19,5,36,1,2,0,0,0
SN,AH,shareera,703,4,16,29,32,6,13,21,5,35,1,2,0,0,0
SN,AH,shareera,704,5,16,30,32,6,13,20,5,34,1,2,0,0,0
SN,AH,shareera,705,5,16,29,32,6,13,21,5,34,1,2,0,0,0
SN,AH,shareera,706,5,16,30,32,6,12,18,6,34,1,2,0,0,0
SN,AH,shareera,707,5,15,28,32,7,12,20,6,36,1,2,0,0,0
SN,AH,shareera,708,5,16,28,29,6,14,19,6,34,1,1,0,0,0
SN,AH,shareera,709,6,16,28,28,9,13,21,6,33,1,1,0,0,0
SN,AH,shareera,710,5,17,28,28,11,13,21,5,32,1,1,0,0,0
SN,AH,shareera,711,5,17,28,29,11,13,21,5,31,1,1,0,0,0
SN,AH,shareera,712,5,17,28,28,11,13,21,5,32,1,1,0,0,0
SN,AH,shareera,713,5,17,28,28,13,12,20,5,32,1,1,0,0,0
SN,AH,shareera,714,5,17,27,28,13,9,21,6,30,1,0,0,0,0
SN,AH,shareera,715,7,16,26,29,14,9,21,6,30,1,0,0,0,0
SN,AH,shareera,716,6,16,25,31,14,10,22,6,28,1,0,0,0,0
SN,AH,shareera,717,5,16,25,30,15,10,22,6,29,1,0,0,0,0
SN,AH,shareera,718,5,16,24,28,15,10,23,6,31,1,0,0,0,0
SN,AH,shareera,719,6,17,24,25,15,11,22,5,33,1,0,0,0,0
SN,AH,shareera,720,5,18,24,26,15,11,22,4,33,1,0,0,0,0
SN,AH,shareera,721,6,18,24,25,16,10,22,4,33,1,0,0,0,0
SN,AH,shareera,722,7,18,26,24,16,9,21,4,33,1,0,0,0,0
SN,AH,shareera,723,7,18,26,24,16,9,20,4,34,1,0,0,0,0
SN,AH,shareera,724,7,18,26,24,16,9,20,4,34,1,0,0,0,0
SN,AH,shareera,725,7,19,26,24,16,9,22,3,32,1,0,0,0,0
SN,AH,shareera,726,7,20,27,21,15,11,22,3,31,0,0,0,0,0
SN,AH,shareera,727,7,20,26,21,15,11,22,3,32,0,0,0,0,0
SN,AH,shareera,728,7,20,26,21,14,11,21,3,34,0,0,0,0,0
SN,AH,shareera,729,6,20,26,21,15,10,20,3,36,0,0,0,0,0
SN,AH,shareera,730,8,20,26,20,15,9,20,3,36,0,0,0,0,0
SN,AH,shareera,731,8,21,26,21,14,9,20,2,36,0,0,0,0,0
SN,AH,shareera,732,9,22,28,20,13,9,18,2,34,0,0,0,0,0
SN,AH,shareera,733,9,22,29,20,13,7,17,2,36,0,0,0,0,0
SN,AH,shareera,734,8,22,29,21,10,7,16,2,37,0,0,0,0,0
SN,AH,shareera,735,10,21,29,21,9,7,15,2,40,0,0,0,0,0
SN,AH,shareera,736,10,21,29,22,9,7,14,2,40,0,0,0,0,0
SN,AH,shareera,737,10,21,29,23,9,8,14,2,38,0,0,0,0,0
SN,AH,shareera,738,10,21,29,24,8,9,14,2,37,0,0,0,0,0
SN,AH,shareera,739,11,22,29,25,10,9,16,1,39,0,0,0,0,0
SN,AH,shareera,740,9,23,30,24,9,10,16,1,38,0,0,0,0,0
SN,AH,shareera,741,9,23,30,23,9,9,15,1,41,0,0,0,0,0
SN,AH,shareera,742,9,23,30,23,8,9,16,1,41,0,0,0,0,0
SN,AH,shareera,743,10,22,29,23,9,9,17,1,42,0,0,0,0,0
SN,AH,shareera,744,9,21,29,25,9,8,18,2,41,0,0,0,0,0
SN,AH,shareera,745,10,20,27,25,11,8,18,2,42,1,0,0,0,0
SN,AH,shareera,746,9,20,27,26,10,8,17,2,44,1,0,0,0,0
SN,AH,shareera,747,8,19,26,27,10,8,18,3,44,1,0,0,0,0
SN,AH,shareera,748,8,19,26,27,11,8,19,3,42,1,0,0,0,0
SN,AH,shareera,749,8,19,26,28,11,9,18,3,41,1,0,0,0,0
SN,AH,shareera,750,8,18,26,27,11,9,18,4,42,1,0,0,0,0
SN,AH,shareera,751,9,18,26,27,12,8,18,4,41,1,0,0,0,0
SN,AH,shareera,752,10,18,25,27,12,8,19,4,40,1,0,0,0,0
SN,AH,shareera,753,10,18,25,28,13,8,18,4,39,1,0,0,0,0
SN,AH,shareera,754,10,19,24,29,12,9,18,3,39,1,0,0,0,0
SN,AH,shareera,755,8,18,23,31,13,10,19,3,40,1,0,0,0,0
SN,AH,shareera,756,8,17,24,30,14,9,19,4,40,1,0,0,0,0
SN,AH,shareera,757,7,17,23,30,14,11,19,4,40,1,0,0,0,0
SN,AH,shareera,758,7,17,22,30,15,11,20,4,39,1,0,0,0,0
SN,AH,shareera,759,7,16,21,32,16,11,20,4,39,2,0,0,0,0
SN,AH,shareera,760,6,17,21,31,15,11,21,4,38,2,0,0,0,0
SN,AH,shareera,761,6,16,21,32,16,12,22,4,39,2,1,0,0,0
SN,AH,shareera,762,7,16,21,31,16,10,23,4,40,2,1,0,0,0
SN,AH,shareera,763,9,15,20,31,16,10,23,4,42,2,1,0,0,0
SN,AH,shareera,764,8,14,20,29,15,11,19,5,41,2,1,0,0,0
SN,AH,shareera,765,8,14,20,29,16,10,19,5,41,2,1,0,0,0
SN,AH,shareera,766,8,14,20,29,17,11,19,5,39,2,1,0,0,0
SN,AH,shareera,767,8,14,20,29,17,11,19,5,39,2,1,0,0,0
SN,AH,shareera,768,8,15,22,28,17,11,17,5,37,2,1,0,0,0
SN,AH,shareera,769,9,15,21,28,18,11,18,4,40,2,2,0,0,0
SN,AH,shareera,770,9,15,22,27,16,12,17,5,40,1,2,0,0,0
SN,AH,shareera,771,9,14,21,27,17,13,19,5,40,1,2,0,0,0
SN,AH,shareera,772,9,15,22,26,17,13,19,4,40,1,2,0,0,0
SN,AH,shareera,773,10,15,22,29,16,12,18,4,39,1,2,0,0,0
SN,AH,shareera,774,10,15,23,29,16,11,19,4,38,1,2,0,0,0
SN,AH,shareera,775,11,16,24,29,16,11,19,3,36,1,2,0,0,0
SN,AH,shareera,776,10,16,24,29,16,11,19,3,37,1,2,0,0,0
SN,AH,shareera,777,10,15,26,28,19,12,19,3,35,1,2,0,0,0
SN,AH,shareera,778,10,15,26,27,18,13,20,3,35,1,2,0,0,0
SN,AH,shareera,779,10,15,26,27,18,12,21,3,35,1,2,0,0,0
SN,AH,shareera,780,10,16,27,26,17,12,20,3,34,1,2,0,0,0
SN,AH,shareera,781,10,16,25,28,18,13,21,2,34,1,2,0,0,0
SN,AH,shareera,782,10,16,25,28,18,11,21,2,36,1,2,0,0,0
SN,AH,shareera,783,10,15,25,29,17,12,22,3,34,1,2,0,0,0
SN,AH,shareera,784,11,16,27,27,16,12,21,3,33,0,2,0,0,0
SN,AH,shareera,785,11,16,26,30,16,12,21,3,31,0,2,0,0,0
SN,AH,shareera,786,12,17,26,27,15,11,21,3,30,0,1,0,0,0
SN,AH,shareera,787,11,17,27,29,15,11,20,3,29,0,1,0,0,0
SN,AH,shareera,788,9,18,28,29,14,10,21,3,28,0,1,0,0,0
SN,AH,shareera,789,9,18,28,31,15,9,21,2,31,0,2,0,0,0
SN,AH,shareera,790,9,18,28,32,14,9,20,2,32,0,2,0,0,0
SN,AH,shareera,791,9,18,28,32,13,8,21,2,33,0,2,0,0,0
SN,AH,shareera,792,9,18,28,33,13,8,22,2,31,0,2,0,0,0
SN,AH,shareera,793,8,18,27,34,13,8,22,2,32,0,2,0,0,0
SN,AH,shareera,794,7,19,29,32,12,10,21,2,28,0,1,0,0,0
SN,AH,shareera,795,6,20,29,33,12,9,23,1,27,0,1,0,0,0
SN,AH,shareera,796,7,21,30,32,12,8,21,1,26,0,1,0,0,0
SN,AH,shareera,797,8,21,29,32,11,8,20,1,28,0,1,0,0,0
SN,AH,shareera,798,7,20,29,31,11,8,20,2,30,0,1,0,0,0
SN,AH,shareera,799,7,20,28,31,11,8,20,2,31,0,1,0,0,0
SN,AH,shareera,800,6,20,28,31,11,8,18,2,34,0,1,0,0,0
SN,AH,shareera,801,7,20,28,32,11,7,18,2,33,0,1,0,0,0
SN,AH,shareera,802,6,21,27,33,9,6,17,2,35,0,1,0,0,0
SN,AH,shareera,803,6,20,26,34,11,5,17,2,36,1,1,0,0,0
SN,AH,shareera,804,6,20,27,34,12,5,16,2,35,1,1,0,0,0
SN,AH,shareera,805,8,19,26,34,13,5,16,2,36,1,1,0,0,0
SN,AH,shareera,806,9,20,27,32,11,4,15,2,37,1,1,0,0,0
SN,AH,shareera,807,9,19,27,33,12,4,16,2,37,1,1,0,0,0
SN,AH,shareera,808,9,20,27,33,12,3,15,1,39,1,1,0,0,0
SN,AH,shareera,809,8,19,27,34,13,3,17,1,41,1,2,0,0,0
SN,AH,shareera,810,7,18,28,32,13,3,17,2,43,1,2,0,0,0
SN,AH,shareera,811,6,18,29,33,13,3,15,2,44,1,2,0,0,0
SN,AH,shareera,812,6,17,28,31,13,5,17,3,43,1,2,0,0,0
SN,AH,shareera,813,7,16,28,30,15,5,17,3,44,1,2,0,0,0
SN,AH,shareera,814,7,17,28,28,13,6,17,3,42,1,1,0,0,0
SN,AH,shareera,815,7,16,27,28,15,6,17,3,43,2,1,0,0,0
SN,AH,shareera,816,8,15,27,28,15,6,16,4,43,2,1,0,0,0
SN,AH,shareera,817,8,15,27,26,16,6,16,4,44,2,1,0,0,0
SN,AH,shareera,818,8,15,27,25,17,7,16,4,43,2,1,0,0,0
SN,AH,shareera,819,8,15,26,27,18,5,16,4,43,2,1,0,0,0
SN,AH,shareera,820,8,15,26,25,19,5,15,4,45,2,1,0,0,0
SN,AH,shareera,821,7,14,26,24,18,6,18,5,44,2,1,0,0,0
SN,AH,shareera,822,6,13,26,23,18,8,19,6,43,2,1,0,0,0
SN,AH,shareera,823,6,13,27,21,19,12,20,5,43,2,2,0,0,0
SN,AH,shareera,824,7,13,27,21,19,12,20,5,42,2,2,0,0,0
SN,AH,shareera,825,7,12,26,22,21,13,21,5,41,2,2,0,0,0
SN,AH,shareera,826,7,12,26,21,22,14,21,5,40,2,2,0,0,0
SN,AH,shareera,827,8,11,25,22,23,14,21,5,40,3,2,0,0,0
SN,AH,shareera,828,9,12,26,20,22,14,22,5,38,2,2,0,0,0
SN,AH,shareera,829,10,12,25,20,22,14,23,5,37,2,2,0,0,0
SN,AH,shareera,830,8,13,26,20,21,13,22,5,38,2,2,0,0,0
SN,AH,shareera,831,7,13,26,21,21,13,24,5,36,2,2,0,0,0
SN,AH,shareera,832,8,14,26,20,20,14,23,5,34,2,2,0,0,0
SN,AH,shareera,833,8,14,27,19,20,15,23,5,33,2,2,0,0,0
SN,AH,shareera,834,9,15,26,19,19,15,21,5,31,2,1,0,0,0
SN,AH,shareera,835,10,15,26,20,19,16,20,4,32,2,1,0,0,0
SN,AH,shareera,836,10,15,25,19,19,18,20,4,32,2,1,0,0,0
SN,AH,shareera,837,13,15,25,21,19,17,18,3,33,2,1,0,0,0
SN,AH,shareera,838,12,16,25,22,17,17,17,3,33,2,1,0,0,0
SN,AH,shareera,839,12,16,25,22,17,17,17,3,33,2,1,0,0,0
SN,AH,shareera,840,12,17,26,22,15,18,17,3,31,1,1,0,0,0
SN,AH,shareera,841,11,18,27,21,16,18,18,2,30,1,1,0,0,0
SN,AH,shareera,842,11,18,28,22,15,18,16,2,31,1,1,0,0,0
SN,AH,shareera,843,11,18,28,24,13,17,17,2,31,1,1,0,0,0
SN,AH,shareera,844,11,17,29,24,12,17,16,3,32,1,1,0,0,0
SN,AH,shareera,845,12,16,28,27,12,17,16,3,32,1,1,0,0,0
SN,AH,shareera,846,13,17,28,27,13,17,13,2,33,1,1,0,0,0
SN,AH,shareera,847,15,17,28,28,15,16,13,1,32,1,1,0,0,0
SN,AH,shareera,848,16,18,27,29,14,13,12,1,31,1,0,0,0,0
SN,AH,shareera,849,15,17,30,28,13,13,12,2,31,1,0,0,0,0
SN,AH,shareera,850,16,18,31,27,12,12,11,2,30,1,0,0,0,0
SN,AH,shareera,851,15,18,31,29,10,11,11,2,32,1,0,0,0,0
SN,AH,shareera,852,15,19,32,27,9,11,12,2,31,0,0,0,0,0
SN,AH,shareera,853,14,19,33,27,9,11,10,2,33,0,0,0,0,0
SN,AH,shareera,854,13,19,34,26,8,13,9,2,34,0,0,0,0,0
SN,AH,shareera,855,14,18,33,26,10,13,10,2,34,0,0,0,0,0
SN,AH,shareera,856,15,18,33,25,11,13,8,2,35,0,0,0,0,0
SN,AH,shareera,857,16,18,33,25,12,12,8,2,34,0,0,0,0,0
SN,AH,shareera,858,16,17,32,28,13,11,7,3,33,0,0,0,0,0
SN,AH,shareera,859,15,16,32,30,14,11,8,3,33,0,0,0,0,0
SN,AH,shareera,860,14,17,32,30,14,10,8,3,32,0,0,0,0,0
SN,AH,shareera,861,14,17,32,31,14,9,8,3,32,0,0,0,0,0
SN,AH,shareera,862,12,18,32,29,14,9,8,3,33,0,0,0,0,0
SN,AH,shareera,863,13,17,31,29,17,9,9,3,32,0,0,0,0,0
SN,AH,shareera,864,13,17,32,29,17,8,11,3,30,0,0,0,0,0
SN,AH,shareera,865,13,16,34,30,18,7,11,3,32,0,1,0,0,0
SN,AH,shareera,866,14,16,33,31,18,7,11,3,31,0,1,0,0,0
SN,AH,shareera,867,14,15,32,32,20,8,13,3,29,0,1,0,0,0
SN,AH,shareera,868,14,15,33,32,21,8,12,3,28,0,1,0,0,0
SN,AH,shareera,869,15,16,33,30,21,9,12,2,28,0,1,0,0,0
SN,AH,shareera,870,14,17,34,29,21,10,11,2,26,0,1,0,0,0
SN,AH,shareera,871,14,17,34,31,20,10,11,2,25,0,1,0,0,0
SN,AH,shareera,872,12,18,34,32,19,9,10,2,26,0,1,0,0,0
SN,AH,shareera,873,11,18,34,33,19,8,10,2,27,0,1,0,0,0
SN,AH,shareera,874,11,19,31,35,19,9,9,1,28,0,1,0,0,0
SN,AH,shareera,875,10,18,30,37,19,9,11,1,31,0,2,0,0,0
SN,AH,shareera,876,10,18,30,37,20,9,11,1,30,0,2,0,0,0
SN,AH,shareera,877,9,17,29,39,21,9,12,1,30,1,2,0,0,0
SN,AH,shareera,878,10,17,28,39,22,9,12,1,29,1,2,0,0,0
SN,AH,shareera,879,11,17,27,40,22,8,13,1,28,1,2,0,0,0
SN,AH,shareera,880,10,18,28,40,20,9,12,1,27,1,2,0,0,0
SN,AH,shareera,881,9,17,30,41,22,10,13,1,26,1,3,0,0,0
SN,AH,shareera,882,7,17,31,42,21,10,13,1,27,1,3,0,0,0
SN,AH,shareera,883,9,17,30,43,21,10,14,0,27,1,3,0,0,0
SN,AH,shareera,884,9,18,30,41,21,10,14,0,26,1,3,0,0,0
SN,AH,shareera,885,9,18,30,40,21,11,14,0,26,1,3,0,0,0
SN,AH,shareera,886,9,18,30,41,22,10,15,0,24,1,3,0,0,0
SN,AH,shareera,887,9,18,30,41,23,10,15,0,23,1,3,0,0,0
SN,AH,shareera,888,8,19,31,39,20,11,16,0,23,1,3,0,0,0
SN,AH,shareera,889,8,19,31,39,20,12,14,0,24,1,3,0,0,0
SN,AH,shareera,890,10,20,29,37,20,12,14,0,21,1,2,0,0,0
SN,AH,shareera,891,9,19,29,37,21,13,14,0,23,1,2,0,0,0
SN,AH,shareera,892,10,20,29,35,21,12,13,0,23,1,2,0,0,0
SN,AH,shareera,893,10,19,28,35,21,12,13,1,24,1,2,0,0,0
SN,AH,shareera,894,9,19,27,36,21,11,15,1,24,1,2,0,0,0
SN,AH,shareera,895,9,19,27,34,22,10,16,1,25,1,2,0,0,0
SN,AH,shareera,896,8,19,27,34,22,10,16,1,26,1,2,0,0,0
SN,AH,shareera,897,8,19,27,33,21,11,17,1,26,1,2,0,0,0
SN,AH,shareera,898,8,19,28,34,21,11,17,1,24,1,2,0,0,0
SN,AH,shareera,899,9,19,28,34,21,10,17,1,24,1,2,0,0,0
SN,AH,shareera,900,9,20,28,33,20,10,16,1,22,1,1,0,0,0
SN,AH,shareera,901,10,19,27,33,21,10,17,1,22,2,1,0,0,0
SN,AH,shareera,902,10,20,29,33,20,10,15,1,21,1,1,0,0,0
SN,AH,shareera,903,9,19,29,37,19,10,17,1,20,1,1,0,0,0
SN,AH,shareera,904,8,19,29,37,20,9,16,1,22,1,1,0,0,0
SN,AH,shareera,905,8,19,30,37,20,8,16,1,22,1,1,0,0,0
SN,AH,shareera,906,9,20,28,36,17,7,15,1,24,1,0,0,0,0
SN,AH,shareera,907,9,19,26,37,19,7,17,1,24,1,0,0,0,0
SN,AH,shareera,908,7,20,27,35,20,7,16,1,24,1,0,0,0,0
SN,AH,shareera,909,7,20,28,35,19,7,16,1,24,1,0,0,0,0
SN,AH,shareera,910,7,20,28,35,19,6,17,1,24,1,0,0,0,0
SN,AH,shareera,911,7,20,28,34,18,6,17,1,26,1,0,0,0,0
SN,AH,shareera,912,6,20,28,35,18,6,17,1,26,1,0,0,0,0
SN,AH,shareera,913,6,19,28,36,18,5,17,2,26,1,0,0,0,0
SN,AH,shareera,914,6,18,27,38,18,4,17,3,26,1,0,0,0,0
SN,AH,shareera,915,4,18,27,39,17,5,17,3,27,1,0,0,0,0
SN,AH,shareera,916,4,19,27,39,15,4,16,3,28,1,0,0,0,0
SN,AH,shareera,917,3,18,26,41,14,5,16,3,31,1,0,0,0,0
SN,AH,shareera,918,4,19,26,40,14,5,16,2,31,1,0,0,0,0
SN,AH,shareera,919,4,18,25,41,14,5,17,2,32,2,0,0,0,0
SN,AH,shareera,920,5,18,25,41,13,6,17,2,31,2,0,0,0,0
SN,AH,shareera,921,5,18,25,39,13,6,18,2,32,2,0,0,0,0
SN,AH,shareera,922,5,18,25,38,13,6,19,2,32,2,0,0,0,0
SN,AH,shareera,923,5,17,24,37,15,8,20,2,32,2,0,0,0,0
SN,AH,shareera,924,4,17,24,37,15,9,20,2,32,2,0,0,0,0
SN,AH,shareera,925,5,16,25,38,16,9,20,2,31,2,0,0,0,0
SN,AH,shareera,926,4,17,26,37,14,9,22,2,30,1,0,0,0,0
SN,AH,shareera,927,4,17,25,35,13,10,23,2,32,1,0,0,0,0
SN,AH,shareera,928,4,18,25,33,13,10,22,2,32,1,0,0,0,0
SN,AH,shareera,929,4,18,26,32,13,11,22,2,31,1,0,0,0,0
SN,AH,shareera,930,5,17,26,31,13,12,22,3,30,1,0,0,0,0
SN,AH,shareera,931,4,17,27,30,13,13,24,3,28,1,0,0,0,0
SN,AH,shareera,932,4,18,28,29,11,13,22,3,29,1,0,0,0,0
SN,AH,shareera,933,4,18,28,29,10,13,22,3,30,1,0,0,0,0
SN,AH,shareera,934,4,18,28,29,10,13,21,3,31,1,0,0,0,0
SN,AH,shareera,935,5,18,28,28,11,14,20,3,30,1,0,0,0,0
SN,AH,shareera,936,5,18,28,28,12,14,20,3,29,1,0,0,0,0
SN,AH,shareera,937,6,18,29,28,12,13,20,3,28,1,0,0,0,0
SN,AH,shareera,938,7,19,30,27,13,13,19,2,27,1,0,0,0,0
SN,AH,shareera,939,7,19,31,28,14,15,19,1,27,1,1,0,0,0
SN,AH,shareera,940,7,19,30,26,14,14,19,1,26,1,1,0,0,0
SN,AH,shareera,941,7,19,31,26,14,16,19,1,23,1,1,0,0,0
SN,AH,shareera,942,7,20,32,25,14,15,18,1,22,1,1,0,0,0
SN,AH,shareera,943,6,20,32,25,13,15,18,1,24,1,1,0,0,0
SN,AH,shareera,944,7,21,35,23,13,15,16,1,22,0,1,0,0,0
SN,AH,shareera,945,6,21,35,26,12,14,15,1,23,0,1,0,0,0
SN,AH,shareera,946,6,20,36,26,12,14,15,2,22,0,1,0,0,0
SN,AH,shareera,947,6,19,36,28,13,13,13,3,22,0,1,0,0,0
SN,AH,shareera,948,7,20,36,26,12,11,12,3,24,0,1,0,0,0
SN,AH,shareera,949,7,19,35,28,14,10,14,3,23,0,1,0,0,0
SN,AH,shareera,950,6,20,35,27,13,10,13,3,24,0,1,0,0,0
SN,AH,shareera,951,8,19,34,27,13,10,11,3,26,2,1,0,0,0
SN,AH,shareera,952,9,19,34,28,14,10,10,3,24,2,1,0,0,0
SN,AH,shareera,953,9,19,35,26,14,11,10,3,24,2,1,0,0,0
SN,AH,shareera,954,10,19,34,27,13,10,10,3,25,2,1,0,0,0
SN,AH,shareera,955,9,20,34,28,13,10,10,2,25,2,1,0,0,0
SN,AH,shareera,956,9,20,34,29,14,9,9,2,25,2,1,0,0,0
SN,AH,shareera,957,9,19,34,29,16,10,10,2,23,3,1,0,0,0
SN,AH,shareera,958,10,19,33,28,15,10,11,2,24,3,1,0,0,0
SN,AH,shareera,959,10,19,32,28,16,11,11,2,23,3,1,0,0,0
SN,AH,shareera,960,9,19,32,28,16,11,12,2,23,3,1,0,0,0
SN,AH,shareera,961,9,19,33,29,16,11,11,2,22,3,1,0,0,0
SN,AH,shareera,962,8,19,32,29,17,11,11,2,23,3,1,0,0,0
SN,AH,shareera,963,8,18,31,30,17,11,10,3,24,3,1,0,0,0
SN,AH,shareera,964,8,18,30,28,17,9,11,4,23,3,0,0,0,0
SN,AH,shareera,965,8,18,31,30,17,10,11,4,24,3,0,0,0,0
SN,AH,shareera,966,8,18,30,31,18,9,11,4,24,3,0,0,0,0
SN,AH,shareera,967,8,17,31,31,17,10,11,5,23,3,0,0,0,0
SN,AH,shareera,968,8,17,31,31,18,10,11,5,22,3,0,0,0,0
SN,AH,shareera,969,8,16,30,33,19,10,11,5,23,3,0,0,0,0
SN,AH,shareera,970,8,16,30,31,20,10,12,5,23,3,0,0,0,0
SN,AH,shareera,971,9,16,29,33,21,10,13,4,22,3,0,0,0,0
SN,AH,shareera,972,9,17,29,32,20,11,14,3,22,3,0,0,0,0
SN,AH,shareera,973,8,17,29,32,19,12,14,3,23,3,0,0,0,0
SN,AH,shareera,974,8,18,31,29,17,12,12,3,25,3,0,0,0,0
SN,AH,shareera,975,8,18,30,29,17,13,12,3,25,3,0,0,0,0
SN,AH,shareera,976,6,19,32,29,18,13,12,3,23,1,0,0,0,0
SN,AH,shareera,977,5,19,32,28,17,13,13,3,25,1,0,0,0,0
SN,AH,shareera,978,5,19,32,28,16,13,13,3,26,1,0,0,0,0
SN,AH,shareera,979,4,19,32,28,16,13,14,3,26,1,0,0,0,0
SN,AH,shareera,980,4,19,31,29,16,12,15,3,26,1,0,0,0,0
SN,AH,shareera,981,5,19,32,33,15,12,15,3,29,1,0,0,0,0
SN,AH,shareera,982,5,20,32,32,15,11,14,3,30,0,0,0,0,0
SN,AH,shareera,983,5,20,33,33,15,11,13,3,29,0,0,0,0,0
SN,AH,shareera,984,5,20,34,31,15,11,13,3,30,0,0,0,0,0
SN,AH,shareera,985,5,19,33,34,17,10,14,3,29,0,0,0,0,0
SN,AH,shareera,986,5,18,33,32,17,10,16,4,29,0,0,0,0,0
SN,AH,shareera,987,5,17,33,32,15,10,17,5,30,0,0,0,0,0
SN,AH,shareera,988,4,18,33,31,14,11,19,4,30,0,0,0,0,0
SN,AH,shareera,989,5,18,32,31,16,12,18,3,31,0,0,0,0,0
SN,AH,shareera,990,5,18,33,29,17,11,19,3,31,0,0,0,0,0
SN,AH,shareera,991,5,18,33,28,17,10,19,3,33,0,0,0,0,0
SN,AH,shareera,992,5,19,33,29,18,9,19,2,32,0,0,0,0,0
SN,AH,shareera,993,6,18,32,31,20,9,20,2,30,0,0,0,0,0
SN,AH,shareera,994,7,19,31,29,19,10,20,2,29,0,0,0,0,0
SN,AH,shareera,995,8,18,30,30,21,12,19,2,28,0,0,0,0,0
SN,AH,shareera,996,7,19,30,29,20,11,17,2,31,0,0,0,0,0
SN,AH,shareera,997,8,18,29,31,22,10,17,2,31,0,0,0,0,0
SN,AH,shareera,998,8,18,30,31,23,9,17,2,30,0,0,0,0,0
SN,AH,shareera,999,8,17,29,30,25,9,19,3,28,0,0,0,0,0
SN,AH,shareera,1000,8,17,29,30,25,9,19,3,28,0,0,0,0,0
SN,AH,shareera,1001,8,17,28,29,24,10,21,3,28,0,0,0,0,0
SN,AH,shareera,1002,8,17,28,29,26,9,22,3,26,0,0,0,0,0
SN,AH,shareera,1003,8,17,27,30,26,9,21,3,27,0,0,0,0,0
SN,AH,shareera,1004,8,17,27,30,26,9,21,3,27,0,0,0,0,0
SN,AH,shareera,1005,8,16,26,30,27,9,22,3,28,1,0,0,0,0
SN,AH,shareera,1006,7,16,24,25,27,10,22,3,27,1,0,0,0,0
SN,AH,shareera,1007,7,15,23,25,26,11,25,3,28,1,0,0,0,0
SN,AH,shareera,1008,6,15,23,24,27,11,25,3,29,1,0,0,0,0
SN,AH,shareera,1009,6,15,22,24,27,10,26,3,30,1,0,0,0,0
SN,AH,shareera,1010,6,16,24,22,24,10,26,3,30,1,0,0,0,0
SN,AH,shareera,1011,6,17,23,22,23,10,26,2,32,1,0,0,0,0
SN,AH,shareera,1012,6,18,23,23,25,10,25,1,30,1,0,0,0,0
SN,AH,shareera,1013,7,18,23,25,26,9,23,1,29,1,0,0,0,0
SN,AH,shareera,1014,6,19,24,24,23,9,25,1,28,1,0,0,0,0
SN,AH,shareera,1015,6,19,24,25,22,10,25,1,27,1,0,0,0,0
SN,AH,shareera,1016,7,18,24,26,22,10,25,2,25,1,0,0,0,0
SN,AH,shareera,1017,7,17,24,25,21,10,25,3,27,1,0,0,0,0
SN,AH,shareera,1018,6,17,25,24,19,11,24,4,27,1,0,0,0,0
SN,AH,shareera,1019,4,16,25,26,19,10,23,5,29,1,0,0,0,0
SN,AH,shareera,1020,3,17,26,24,16,10,23,5,31,1,0,0,0,0
SN,AH,shareera,1021,3,16,25,25,19,10,25,5,29,1,0,0,0,0
SN,AH,shareera,1022,2,17,26,23,17,10,24,5,31,1,0,0,0,0
SN,AH,shareera,1023,3,17,26,23,17,10,24,5,30,1,0,0,0,0
SN,AH,shareera,1024,3,18,26,23,16,11,22,4,32,1,0,0,0,0
SN,AH,shareera,1025,4,18,26,23,17,11,22,4,30,1,0,0,0,0
SN,AH,shareera,1026,6,18,26,24,17,11,19,4,30,1,0,0,0,0
SN,AH,shareera,1027,7,18,26,26,16,11,17,4,30,1,0,0,0,0
SN,AH,shareera,1028,8,18,27,25,18,10,17,4,28,1,0,0,0,0
SN,AH,shareera,1029,8,18,27,25,19,10,18,4,26,1,0,0,0,0
SN,AH,shareera,1030,9,18,28,26,18,10,16,5,24,0,0,0,0,0
SN,AH,shareera,1031,9,18,28,27,19,9,16,5,23,0,0,0,0,0
SN,AH,shareera,1032,9,18,29,27,19,8,15,6,21,0,0,0,0,0
SN,AH,shareera,1033,9,18,29,27,18,8,17,6,20,0,0,0,0,0
SN,AH,shareera,1034,9,18,29,28,18,9,16,6,19,0,0,0,0,0
SN,AH,shareera,1035,9,17,27,31,20,10,14,6,19,1,0,0,0,0
SN,AH,shareera,1036,9,17,27,33,20,11,13,6,17,1,0,0,0,0
SN,AH,shareera,1037,9,17,27,32,18,11,15,6,18,1,0,0,0,0
SN,AH,shareera,1038,8,16,27,31,17,11,16,7,20,1,0,0,0,0
SN,AH,shareera,1039,8,15,28,33,18,10,14,8,19,1,0,0,0,0
SN,AH,shareera,1040,8,15,28,33,18,10,13,8,20,1,0,0,0,0
SN,AH,shareera,1041,7,15,28,34,18,10,13,8,20,1,0,0,0,0
SN,AH,shareera,1042,7,15,27,35,18,10,15,8,18,1,0,0,0,0
SN,AH,shareera,1043,8,15,27,35,18,9,15,8,18,1,0,0,0,0
SN,AH,shareera,1044,8,15,27,34,20,9,16,8,16,1,0,0,0,0
SN,AH,shareera,1045,8,15,28,35,20,8,16,8,15,1,0,0,0,0
SN,AH,shareera,1046,8,16,29,33,17,9,15,8,16,1,0,0,0,0
SN,AH,shareera,1047,8,16,29,34,18,10,15,8,13,1,0,0,0,0
SN,AH,shareera,1048,7,16,28,34,17,11,18,8,12,1,0,0,0,0
SN,AH,shareera,1049,7,15,28,35,16,11,19,9,11,1,0,0,0,0
SN,AH,shareera,1050,6,15,28,35,16,12,19,9,11,1,0,0,0,0
SN,AH,shareera,1051,5,14,28,37,17,12,19,9,12,1,0,0,0,0
SN,AH,shareera,1052,4,14,28,36,16,12,20,9,14,1,0,0,0,0
SN,AH,shareera,1053,4,14,27,36,14,13,21,9,15,1,0,0,0,0
SN,AH,shareera,1054,4,14,27,37,13,14,19,9,16,1,0,0,0,0
SN,AH,shareera,1055,4,15,27,34,14,14,19,8,18,1,0,0,0,0
SN,AH,shareera,1056,4,15,27,34,14,14,18,8,19,1,0,0,0,0
SN,AH,shareera,1057,4,15,27,36,14,15,17,7,22,1,1,0,0,0
SN,AH,shareera,1058,4,15,28,36,14,16,15,7,22,1,1,0,0,0
SN,AH,shareera,1059,5,14,27,37,15,15,16,7,22,2,1,0,0,0
SN,AH,shareera,1060,5,15,28,34,14,15,17,7,22,1,1,0,0,0
SN,AH,shareera,1061,5,15,28,32,15,15,17,7,23,1,1,0,0,0
SN,AH,shareera,1062,5,15,27,34,16,15,16,7,22,1,1,0,0,0
SN,AH,shareera,1063,5,16,27,35,16,16,16,6,20,1,1,0,0,0
SN,AH,shareera,1064,5,17,26,34,15,16,18,5,21,1,1,0,0,0
SN,AH,shareera,1065,5,16,25,33,16,16,19,6,21,1,1,0,0,0
SN,AH,shareera,1066,5,16,25,30,15,17,19,6,24,1,1,0,0,0
SN,AH,shareera,1067,5,17,25,29,16,17,17,5,26,1,1,0,0,0
SN,AH,shareera,1068,5,18,25,28,16,17,18,4,26,1,1,0,0,0
SN,AH,shareera,1069,5,19,25,28,14,17,18,3,28,1,1,0,0,0
SN,AH,shareera,1070,5,19,25,28,14,16,19,3,28,1,1,0,0,0
SN,AH,shareera,1071,5,19,25,30,15,15,19,3,26,1,1,0,0,0
SN,AH,shareera,1072,5,19,25,29,15,15,19,3,27,1,1,0,0,0
SN,AH,shareera,1073,5,19,26,30,15,15,16,3,28,1,1,0,0,0
SN,AH,shareera,1074,5,20,26,31,15,15,16,2,27,1,1,0,0,0
SN,AH,shareera,1075,5,20,27,30,15,14,17,2,27,1,1,0,0,0
SN,AH,shareera,1076,5,21,28,27,14,14,17,2,27,1,1,0,0,0
SN,AH,shareera,1077,6,21,29,26,15,14,17,2,25,1,1,0,0,0
SN,AH,shareera,1078,5,21,29,27,15,14,16,2,26,1,1,0,0,0
SN,AH,shareera,1079,5,21,29,28,15,13,16,2,26,1,1,0,0,0
SN,AH,shareera,1080,4,20,30,28,14,13,17,3,26,1,1,0,0,0
SN,AH,shareera,1081,5,20,30,28,13,13,17,3,26,1,1,0,0,0
SN,AH,shareera,1082,5,21,31,26,12,12,18,3,23,1,0,0,0,0
SN,AH,shareera,1083,5,20,30,27,13,12,21,3,22,1,0,0,0,0
SN,AH,shareera,1084,5,21,32,25,12,12,21,3,21,0,0,0,0,0
SN,AH,shareera,1085,5,21,33,25,12,12,20,3,21,0,0,0,0,0
SN,AH,shareera,1086,5,20,33,26,12,12,19,4,21,0,0,0,0,0
SN,AH,shareera,1087,6,19,33,26,13,12,19,4,21,1,0,0,0,0
SN,AH,shareera,1088,6,19,34,25,13,11,19,4,22,1,0,0,0,0
SN,AH,shareera,1089,7,18,33,26,14,11,18,4,24,1,0,0,0,0
SN,AH,shareera,1090,7,19,33,27,13,10,18,3,25,1,0,0,0,0
SN,AH,shareera,1091,7,20,33,28,14,9,18,2,24,1,0,0,0,0
SN,AH,shareera,1092,7,20,34,28,13,9,18,2,24,1,0,0,0,0
SN,AH,shareera,1093,7,20,35,27,13,9,18,2,24,1,0,0,0,0
SN,AH,shareera,1094,7,20,37,26,13,9,17,2,24,1,0,0,0,0
SN,AH,shareera,1095,7,20,36,26,13,9,16,2,26,1,0,0,0,0
SN,AH,shareera,1096,7,20,36,26,13,9,16,2,26,1,0,0,0,0
SN,AH,shareera,1097,7,20,36,26,13,8,17,2,26,1,0,0,0,0
SN,AH,shareera,1098,7,20,35,27,13,7,18,2,26,1,0,0,0,0
SN,AH,shareera,1099,8,19,34,26,15,8,17,2,28,1,0,0,0,0
SN,AH,shareera,1100,8,19,33,28,15,7,16,2,29,1,0,0,0,0
SN,AH,shareera,1101,7,19,33,30,18,7,17,2,32,1,0,0,0,0
SN,AH,shareera,1102,7,19,33,31,17,7,17,2,32,1,0,0,0,0
SN,AH,shareera,1103,7,18,32,32,18,8,20,2,31,2,1,0,0,0
SN,AH,shareera,1104,7,18,32,30,19,8,20,2,32,2,1,0,0,0
SN,AH,shareera,1105,9,18,30,32,21,9,19,1,31,2,1,0,0,0
SN,AH,shareera,1106,8,18,31,31,22,9,21,1,29,2,1,0,0,0
SN,AH,shareera,1107,8,18,30,31,22,9,20,1,31,2,1,0,0,0
SN,AH,shareera,1108,8,19,30,30,22,8,18,1,32,2,1,0,0,0
SN,AH,shareera,1109,9,18,28,34,21,8,19,1,32,2,1,0,0,0
SN,AH,shareera,1110,9,18,27,33,20,8,20,1,34,2,1,0,0,0
SN,AH,shareera,1111,9,18,29,33,20,7,22,0,35,3,2,0,0,0
SN,AH,shareera,1112,9,19,31,30,18,8,21,0,36,2,2,0,0,0
SN,AH,shareera,1113,10,19,30,31,18,8,20,0,36,2,2,0,0,0
SN,AH,shareera,1114,10,20,32,29,17,8,21,0,33,2,2,0,0,0
SN,AH,shareera,1115,11,19,32,29,19,9,21,0,32,2,2,0,0,0
SN,AH,shareera,1116,11,19,32,29,19,10,22,0,30,2,2,0,0,0
SN,AH,shareera,1117,11,18,31,30,20,11,24,0,31,2,3,0,0,0
SN,AH,shareera,1118,10,18,30,32,20,11,24,0,31,2,3,0,0,0
SN,AH,shareera,1119,10,17,27,34,23,12,26,0,29,2,3,0,0,0
SN,AH,shareera,1120,10,16,27,34,23,13,26,1,28,2,3,0,0,0
SN,AH,shareera,1121,10,16,27,33,23,13,25,1,30,2,3,0,0,0
SN,AH,shareera,1122,11,16,28,32,22,13,25,1,30,2,3,0,0,0
SN,AH,shareera,1123,11,16,27,30,23,14,26,1,30,2,3,0,0,0
SN,AH,shareera,1124,10,16,27,29,21,12,26,1,28,2,3,0,1,0
